State,District,Year,Season,Produce,Temperature,Rainfall
Assam,BAKSA,2011,Rabi,0.38492597577388965,23.53,0.0
Assam,BAKSA,2012,Rabi,0.42920158800176444,23.05,236.1
Assam,BAKSA,2013,Rabi,0.8398764887516542,23.14,146.70000000000002
Assam,BAKSA,2014,Rabi,0.5681362725450901,23.52,46.5
Assam,BARPETA,2008,Rabi,0.5001255965837729,23.45,278.9
Assam,BARPETA,2009,Rabi,0.5002321262766946,24.21,268.5
Assam,BARPETA,2010,Rabi,0.5010761945759793,24.05,135.7
Assam,BARPETA,2011,Rabi,0.5018108651911469,23.53,176.39999999999998
Assam,BARPETA,2012,Rabi,0.5498470948012233,23.05,205.5
Assam,BARPETA,2013,Rabi,0.49586943381019544,23.14,159.20000000000002
Assam,BARPETA,2014,Rabi,0.7280966767371602,23.52,56.3
Assam,BONGAIGAON,2008,Rabi,0.532608695652174,23.45,257.2
Assam,BONGAIGAON,2009,Rabi,0.5460431654676259,24.21,245.89999999999998
Assam,BONGAIGAON,2010,Rabi,0.5442321302193913,24.05,178.1
Assam,BONGAIGAON,2011,Rabi,0.6090504451038575,23.53,232.4
Assam,BONGAIGAON,2012,Rabi,0.6754320060105184,23.05,254.2
Assam,BONGAIGAON,2013,Rabi,0.6664464993394981,23.14,217.29999999999998
Assam,BONGAIGAON,2014,Rabi,0.9022801302931596,23.52,46.7
Assam,CACHAR,2008,Rabi,0.4230769230769231,23.45,421.59999999999997
Assam,CACHAR,2009,Rabi,0.48,24.21,265.20000000000005
Assam,CACHAR,2010,Rabi,0.46153846153846156,24.05,508.49999999999994
Assam,CACHAR,2011,Rabi,0.5333333333333333,23.53,187.5
Assam,CACHAR,2012,Rabi,0.5172413793103449,23.05,369.2
Assam,CACHAR,2013,Rabi,0.5666666666666667,23.14,262.0
Assam,CACHAR,2014,Rabi,0.6666666666666666,23.52,134.89999999999998
Assam,CHIRANG,2010,Rabi,0.516642547033285,24.05,49.599999999999994
Assam,CHIRANG,2011,Rabi,0.5307692307692308,23.53,157.20000000000002
Assam,CHIRANG,2012,Rabi,0.5925531914893617,23.05,174.5
Assam,CHIRANG,2013,Rabi,0.835423197492163,23.14,187.7
Assam,CHIRANG,2014,Rabi,0.7813440320962889,23.52,108.9
Assam,DARRANG,2008,Rabi,0.7005917159763314,23.45,205.4
Assam,DARRANG,2009,Rabi,0.6997767857142857,24.21,132.1
Assam,DARRANG,2012,Rabi,0.7791321306679668,23.05,486.0
Assam,DARRANG,2013,Rabi,2.3998937865108867,23.14,121.0
Assam,DARRANG,2014,Rabi,1.0317374932759549,23.52,46.0
Assam,DHEMAJI,2010,Rabi,0.41304347826086957,24.05,0.0
Assam,DHEMAJI,2011,Rabi,0.4489795918367347,23.53,0.0
Assam,DHEMAJI,2012,Rabi,0.5272727272727272,23.05,165.0
Assam,DHEMAJI,2013,Rabi,0.551948051948052,23.14,155.0
Assam,DHEMAJI,2014,Rabi,0.7153465346534653,23.52,211.0
Assam,DHUBRI,2008,Rabi,0.766798418972332,23.45,355.6
Assam,DHUBRI,2009,Rabi,0.7669983416252073,24.21,135.3
Assam,DHUBRI,2010,Rabi,0.7684647302904565,24.05,106.70000000000002
Assam,DHUBRI,2011,Rabi,0.743421052631579,23.53,180.0
Assam,DHUBRI,2012,Rabi,0.7975409836065573,23.05,244.20000000000002
Assam,DHUBRI,2013,Rabi,0.8102866779089376,23.14,134.70000000000002
Assam,DHUBRI,2014,Rabi,1.0557677616501147,23.52,60.599999999999994
Assam,DIBRUGARH,2008,Rabi,1.0,23.45,327.7
Assam,DIBRUGARH,2009,Rabi,0.4444444444444444,24.21,257.1
Assam,DIBRUGARH,2010,Rabi,0.4444444444444444,24.05,286.5
Assam,DIBRUGARH,2011,Rabi,0.4583333333333333,23.53,283.40000000000003
Assam,DIBRUGARH,2012,Rabi,0.48,23.05,212.20000000000002
Assam,DIBRUGARH,2013,Rabi,0.5833333333333334,23.14,301.1
Assam,DIBRUGARH,2014,Rabi,0.6666666666666666,23.52,78.80000000000001
Assam,GOALPARA,2008,Rabi,0.47965367965367967,23.45,335.1
Assam,GOALPARA,2009,Rabi,0.47307692307692306,24.21,243.4
Assam,GOALPARA,2010,Rabi,0.4737463126843658,24.05,701.7
Assam,GOALPARA,2011,Rabi,0.49170616113744076,23.53,152.4
Assam,GOALPARA,2012,Rabi,0.528023598820059,23.05,165.2
Assam,GOALPARA,2013,Rabi,0.85,23.14,130.6
Assam,GOALPARA,2014,Rabi,0.6988372093023256,23.52,88.4
Assam,GOLAGHAT,2008,Rabi,0.6192733017377567,23.45,181.79999999999995
Assam,GOLAGHAT,2009,Rabi,0.6208530805687204,24.21,140.9
Assam,GOLAGHAT,2010,Rabi,0.6200716845878136,24.05,530.4
Assam,GOLAGHAT,2011,Rabi,0.6082474226804123,23.53,116.19999999999999
Assam,GOLAGHAT,2012,Rabi,0.6824146981627297,23.05,100.69999999999999
Assam,GOLAGHAT,2013,Rabi,0.7178571428571429,23.14,237.0
Assam,GOLAGHAT,2014,Rabi,0.9,23.52,95.19999999999999
Assam,HAILAKANDI,2009,Rabi,0.44,24.21,140.6
Assam,HAILAKANDI,2014,Rabi,0.5,23.52,173.79999999999998
Assam,JORHAT,2008,Rabi,0.49074074074074076,23.45,250.5
Assam,JORHAT,2009,Rabi,0.5,24.21,131.5
Assam,JORHAT,2010,Rabi,0.4868421052631579,24.05,691.3
Assam,JORHAT,2011,Rabi,0.5263157894736842,23.53,157.0
Assam,JORHAT,2012,Rabi,0.5771428571428572,23.05,99.60000000000001
Assam,JORHAT,2013,Rabi,0.5921787709497207,23.14,224.8
Assam,JORHAT,2014,Rabi,0.7675675675675676,23.52,130.4
Assam,KAMRUP,2008,Rabi,0.4710526315789474,23.45,300.4
Assam,KAMRUP,2009,Rabi,0.47203325774754346,24.21,188.6
Assam,KAMRUP,2010,Rabi,0.48343245539507224,24.05,808.1
Assam,KAMRUP,2011,Rabi,0.5083553210202286,23.53,285.40000000000003
Assam,KAMRUP,2012,Rabi,0.5584554880228817,23.05,192.9
Assam,KAMRUP,2013,Rabi,0.5855513307984791,23.14,353.40000000000003
Assam,KAMRUP,2014,Rabi,0.7432498772704959,23.52,198.0
Assam,KAMRUP METRO,2010,Rabi,0.4645161290322581,24.05,108.7
Assam,KAMRUP METRO,2011,Rabi,0.4838709677419355,23.53,182.2
Assam,KAMRUP METRO,2012,Rabi,0.5141509433962265,23.05,94.2
Assam,KAMRUP METRO,2013,Rabi,0.5621890547263682,23.14,174.5
Assam,KAMRUP METRO,2014,Rabi,0.6844919786096256,23.52,114.5
Assam,KARBI ANGLONG,2008,Rabi,0.4774774774774775,23.45,178.4
Assam,KARBI ANGLONG,2009,Rabi,0.4826086956521739,24.21,87.0
Assam,KARBI ANGLONG,2010,Rabi,0.49038461538461536,24.05,317.5
Assam,KARBI ANGLONG,2011,Rabi,0.5047169811320755,23.53,86.5
Assam,KARBI ANGLONG,2012,Rabi,0.5727272727272728,23.05,153.29999999999998
Assam,KARBI ANGLONG,2013,Rabi,0.6079295154185022,23.14,125.39999999999999
Assam,KARBI ANGLONG,2014,Rabi,0.7591836734693878,23.52,90.5
Assam,KARIMGANJ,2009,Rabi,0.4666666666666667,24.21,200.9
Assam,KARIMGANJ,2010,Rabi,0.4375,24.05,931.4
Assam,KARIMGANJ,2014,Rabi,0.65,23.52,122.6
Assam,KOKRAJHAR,2008,Rabi,0.4880294659300184,23.45,422.4
Assam,KOKRAJHAR,2009,Rabi,0.48191027496382055,24.21,341.5
Assam,KOKRAJHAR,2010,Rabi,0.48412017167381977,24.05,132.7
Assam,KOKRAJHAR,2011,Rabi,0.5174089068825911,23.53,226.8
Assam,KOKRAJHAR,2012,Rabi,0.5705832628909552,23.05,264.4
Assam,KOKRAJHAR,2013,Rabi,0.5835222978080121,23.14,236.2
Assam,KOKRAJHAR,2014,Rabi,0.7554716981132076,23.52,99.3
Assam,LAKHIMPUR,2008,Rabi,0.46021840873634945,23.45,299.1
Assam,LAKHIMPUR,2009,Rabi,0.45996978851963743,24.21,257.3
Assam,LAKHIMPUR,2010,Rabi,0.4607201309328969,24.05,750.7
Assam,LAKHIMPUR,2011,Rabi,0.5098039215686274,23.53,231.4
Assam,LAKHIMPUR,2012,Rabi,0.5553398058252427,23.05,260.5
Assam,LAKHIMPUR,2013,Rabi,0.555,23.14,209.7
Assam,LAKHIMPUR,2014,Rabi,1.0,23.52,153.0
Assam,NAGAON,2008,Rabi,0.3586206896551724,23.45,176.70000000000002
Assam,NAGAON,2009,Rabi,0.35881238155401135,24.21,126.5
Assam,NAGAON,2010,Rabi,0.35766423357664234,24.05,375.5
Assam,NAGAON,2011,Rabi,0.4158043273753528,23.53,81.19999999999999
Assam,NAGAON,2012,Rabi,0.46506211180124224,23.05,195.6
Assam,NAGAON,2013,Rabi,0.4626984126984127,23.14,158.3
Assam,NAGAON,2014,Rabi,0.6136363636363636,23.52,61.0
Assam,NALBARI,2008,Rabi,0.45,23.45,312.4
Assam,NALBARI,2009,Rabi,0.359375,24.21,177.70000000000002
Assam,NALBARI,2010,Rabi,0.30104166666666665,24.05,845.0
Assam,NALBARI,2011,Rabi,0.4552083333333333,23.53,176.9
Assam,NALBARI,2012,Rabi,0.507,23.05,110.9
Assam,NALBARI,2013,Rabi,0.5190361445783133,23.14,184.20000000000002
Assam,NALBARI,2014,Rabi,0.6711111111111111,23.52,86.80000000000001
Assam,SONITPUR,2008,Rabi,0.5341488277268094,23.45,238.4
Assam,SONITPUR,2009,Rabi,0.5328884652049571,24.21,206.8
Assam,SONITPUR,2010,Rabi,0.5365344467640919,24.05,629.7
Assam,SONITPUR,2011,Rabi,0.550519357884797,23.53,229.29999999999998
Assam,SONITPUR,2012,Rabi,0.60859375,23.05,209.0
Assam,SONITPUR,2013,Rabi,0.6169763513513513,23.14,126.89999999999999
Assam,SONITPUR,2014,Rabi,0.8089737894269213,23.52,47.7
Assam,TINSUKIA,2008,Rabi,0.44,23.45,462.90000000000003
Assam,TINSUKIA,2009,Rabi,0.4050632911392405,24.21,279.7
Assam,TINSUKIA,2010,Rabi,0.47368421052631576,24.05,932.0999999999999
Assam,TINSUKIA,2011,Rabi,0.5333333333333333,23.53,257.59999999999997
Assam,TINSUKIA,2012,Rabi,0.5294117647058824,23.05,270.90000000000003
Assam,TINSUKIA,2013,Rabi,0.3333333333333333,23.14,334.1
Assam,TINSUKIA,2014,Rabi,0.7368421052631579,23.52,117.5
Assam,UDALGURI,2010,Rabi,0.6337386018237082,24.05,139.2
Assam,UDALGURI,2011,Rabi,0.5916666666666667,23.53,95.69999999999999
Assam,UDALGURI,2012,Rabi,0.7048387096774194,23.05,238.79999999999998
Assam,UDALGURI,2013,Rabi,0.7384823848238482,23.14,121.70000000000002
Assam,UDALGURI,2014,Rabi,0.9336043360433605,23.52,82.60000000000001
Bihar,ARARIA,2008,Rabi,0.6629213483146067,25.67,1386.1999999999998
Bihar,ARARIA,2009,Rabi,0.5490840770314702,26.41,84.8
Bihar,ARARIA,2010,Rabi,0.7249475890985325,26.4,41.7
Bihar,ARARIA,2011,Rabi,1.8539462978030918,25.63,39.0
Bihar,ARARIA,2012,Rabi,0.7209113100081367,25.48,54.099999999999994
Bihar,ARARIA,2013,Rabi,0.897125567322239,25.3,289.0
Bihar,ARARIA,2014,Rabi,0.42857142857142855,25.34,62.400000000000006
Bihar,ARWAL,2010,Rabi,0.56209453197405,26.4,79.0
Bihar,ARWAL,2011,Rabi,0.8420348058902276,25.63,28.799999999999997
Bihar,ARWAL,2012,Rabi,1.0999553770638109,25.48,54.3
Bihar,ARWAL,2013,Rabi,0.8869801084990958,25.3,189.60000000000002
Bihar,ARWAL,2014,Rabi,0.8818984547461368,25.34,74.2
Bihar,AURANGABAD,2008,Rabi,0.5769777020309615,25.67,869.9000000000001
Bihar,AURANGABAD,2009,Rabi,0.6960127787675862,26.41,909.7
Bihar,AURANGABAD,2010,Rabi,1.029986498969658,26.4,219.4
Bihar,AURANGABAD,2011,Rabi,0.9879909497012241,25.63,45.9
Bihar,AURANGABAD,2012,Rabi,0.9499724112562075,25.48,119.60000000000001
Bihar,AURANGABAD,2013,Rabi,0.7219713585343827,25.3,276.5
Bihar,AURANGABAD,2014,Rabi,0.6960035263003232,25.34,275.5
Bihar,BANKA,2010,Rabi,0.647693817468106,26.4,4.3
Bihar,BANKA,2011,Rabi,0.7672826830937713,25.63,26.0
Bihar,BANKA,2012,Rabi,0.9196499602227526,25.48,37.3
Bihar,BANKA,2013,Rabi,1.169193934557063,25.3,308.4
Bihar,BANKA,2014,Rabi,0.8629032258064516,25.34,149.0
Bihar,BEGUSARAI,2009,Rabi,0.6325925925925926,26.41,302.1
Bihar,BEGUSARAI,2010,Rabi,0.8445945945945946,26.4,621.0
Bihar,BEGUSARAI,2011,Rabi,1.5232876712328767,25.63,83.5
Bihar,BEGUSARAI,2012,Rabi,1.41869918699187,25.48,126.5
Bihar,BEGUSARAI,2013,Rabi,1.515519568151147,25.3,242.4
Bihar,BEGUSARAI,2014,Rabi,0.572972972972973,25.34,70.30000000000001
Bihar,BHAGALPUR,2008,Rabi,0.768894440974391,25.67,82.0
Bihar,BHAGALPUR,2009,Rabi,0.6450801634706067,26.41,182.9
Bihar,BHAGALPUR,2010,Rabi,0.5319910514541387,26.4,34.1
Bihar,BHAGALPUR,2011,Rabi,1.0240847784200386,25.63,78.4
Bihar,BHAGALPUR,2012,Rabi,0.5978314440611139,25.48,89.5
Bihar,BHAGALPUR,2013,Rabi,1.0848675348001797,25.3,340.6
Bihar,BHAGALPUR,2014,Rabi,0.27986829727187207,25.34,56.7
Bihar,BHOJPUR,2008,Rabi,0.9050243409571048,25.67,843.2
Bihar,BHOJPUR,2009,Rabi,1.4429701454452666,26.41,237.0
Bihar,BHOJPUR,2010,Rabi,1.2579819019976097,26.4,426.20000000000005
Bihar,BHOJPUR,2011,Rabi,1.138010794140324,25.63,186.6
Bihar,BHOJPUR,2012,Rabi,1.3239896323317655,25.48,330.9
Bihar,BHOJPUR,2013,Rabi,1.06998556998557,25.3,295.9
Bihar,BHOJPUR,2014,Rabi,0.8209870129870129,25.34,87.6
Bihar,BUXAR,2008,Rabi,0.9969040247678018,25.67,1044.8
Bihar,BUXAR,2009,Rabi,0.7050649932765576,26.41,202.6
Bihar,BUXAR,2010,Rabi,1.119889502762431,26.4,474.80000000000007
Bihar,BUXAR,2011,Rabi,1.3599486521181001,25.63,1.8000000000000003
Bihar,BUXAR,2012,Rabi,1.1181059994619316,25.48,19.0
Bihar,BUXAR,2013,Rabi,1.4129615674453655,25.3,149.2
Bihar,BUXAR,2014,Rabi,0.4599455040871935,25.34,88.0
Bihar,DARBHANGA,2008,Rabi,0.6359420289855072,25.67,788.0
Bihar,DARBHANGA,2009,Rabi,0.5979993748046264,26.41,354.6
Bihar,DARBHANGA,2010,Rabi,0.7658314350797266,26.4,673.0
Bihar,DARBHANGA,2011,Rabi,0.7427745664739884,25.63,60.4
Bihar,DARBHANGA,2012,Rabi,1.2469733656174333,25.48,63.8
Bihar,DARBHANGA,2013,Rabi,0.8528395061728395,25.3,210.7
Bihar,DARBHANGA,2014,Rabi,1.1161067193675889,25.34,174.4
Bihar,GAYA,2008,Rabi,1.179912844988587,25.67,109.4
Bihar,GAYA,2009,Rabi,0.6929133858267716,26.41,25.3
Bihar,GAYA,2010,Rabi,1.1718954248366014,26.4,103.80000000000001
Bihar,GAYA,2011,Rabi,1.1310432569974556,25.63,17.6
Bihar,GAYA,2012,Rabi,1.2209499575911789,25.48,136.3
Bihar,GAYA,2013,Rabi,0.7518773946360153,25.3,170.1
Bihar,GAYA,2014,Rabi,0.7639608520437536,25.34,78.00000000000001
Bihar,GOPALGANJ,2008,Rabi,0.8112244897959183,25.67,246.1
Bihar,GOPALGANJ,2009,Rabi,0.8916256157635468,26.41,248.2
Bihar,GOPALGANJ,2010,Rabi,0.9411764705882353,26.4,81.0
Bihar,GOPALGANJ,2011,Rabi,1.016260162601626,25.63,6.1
Bihar,GOPALGANJ,2012,Rabi,1.1497005988023952,25.48,12.3
Bihar,GOPALGANJ,2013,Rabi,1.2695035460992907,25.3,272.5
Bihar,GOPALGANJ,2014,Rabi,1.459016393442623,25.34,131.4
Bihar,JAMUI,2009,Rabi,0.9818181818181818,26.41,354.9
Bihar,JAMUI,2010,Rabi,0.7901234567901234,26.4,164.7
Bihar,JAMUI,2011,Rabi,1.0,25.63,1.3
Bihar,JAMUI,2012,Rabi,1.3392070484581498,25.48,122.1
Bihar,JAMUI,2013,Rabi,1.5161290322580645,25.3,225.3
Bihar,JAMUI,2014,Rabi,0.9059884095299421,25.34,138.4
Bihar,KATIHAR,2008,Rabi,0.455,25.67,693.4000000000001
Bihar,KATIHAR,2009,Rabi,0.5901262916188289,26.41,556.2
Bihar,KATIHAR,2010,Rabi,0.9048800661703887,26.4,24.1
Bihar,KATIHAR,2011,Rabi,1.018166089965398,25.63,13.2
Bihar,KATIHAR,2012,Rabi,1.0107084019769357,25.48,137.5
Bihar,KATIHAR,2013,Rabi,1.1021416803953872,25.3,341.5
Bihar,KATIHAR,2014,Rabi,0.8108707709373266,25.34,69.2
Bihar,KHAGARIA,2008,Rabi,0.8574257425742574,25.67,1100.3
Bihar,KHAGARIA,2009,Rabi,0.9196969696969697,26.41,607.2
Bihar,KHAGARIA,2010,Rabi,0.9372881355932203,26.4,192.0
Bihar,KHAGARIA,2011,Rabi,0.9715909090909091,25.63,29.1
Bihar,KHAGARIA,2012,Rabi,1.1704545454545454,25.48,95.39999999999999
Bihar,KHAGARIA,2013,Rabi,1.5161290322580645,25.3,153.89999999999998
Bihar,KHAGARIA,2014,Rabi,0.9054054054054054,25.34,40.5
Bihar,KISHANGANJ,2008,Rabi,0.518942731277533,25.67,583.8
Bihar,KISHANGANJ,2009,Rabi,0.6772727272727272,26.41,85.8
Bihar,KISHANGANJ,2010,Rabi,0.5961182994454713,26.4,86.8
Bihar,KISHANGANJ,2011,Rabi,0.6854508196721312,25.63,63.1
Bihar,KISHANGANJ,2012,Rabi,0.8054298642533937,25.48,116.19999999999999
Bihar,KISHANGANJ,2013,Rabi,0.8975265017667845,25.3,121.4
Bihar,KISHANGANJ,2014,Rabi,0.7314814814814815,25.34,39.6
Bihar,LAKHISARAI,2010,Rabi,0.6849878934624697,26.4,64.0
Bihar,LAKHISARAI,2011,Rabi,1.0200506542845083,25.63,52.099999999999994
Bihar,LAKHISARAI,2012,Rabi,1.4739636512150296,25.48,134.6
Bihar,LAKHISARAI,2013,Rabi,1.883076923076923,25.3,89.2
Bihar,LAKHISARAI,2014,Rabi,0.7781007751937985,25.34,81.8
Bihar,MADHEPURA,2009,Rabi,0.48333333333333334,26.41,241.60000000000002
Bihar,MADHEPURA,2010,Rabi,0.5198821796759941,26.4,5.0
Bihar,MADHEPURA,2011,Rabi,0.8044982698961938,25.63,6.7
Bihar,MADHEPURA,2012,Rabi,0.6955017301038062,25.48,53.0
Bihar,MADHEPURA,2013,Rabi,1.2503912363067293,25.3,319.0
Bihar,MADHEPURA,2014,Rabi,0.6204268292682927,25.34,52.0
Bihar,MADHUBANI,2008,Rabi,0.47401377582968063,25.67,647.4
Bihar,MADHUBANI,2009,Rabi,0.6700507614213198,26.41,759.8
Bihar,MADHUBANI,2010,Rabi,0.6860341779611079,26.4,20.9
Bihar,MADHUBANI,2011,Rabi,0.7939545202440377,25.63,36.800000000000004
Bihar,MADHUBANI,2012,Rabi,0.9650208723189866,25.48,35.3
Bihar,MADHUBANI,2013,Rabi,0.8688299188780421,25.3,193.0
Bihar,MADHUBANI,2014,Rabi,0.5669364468621467,25.34,142.0
Bihar,MUNGER,2008,Rabi,0.5585798816568047,25.67,1285.6
Bihar,MUNGER,2009,Rabi,0.8285024154589372,26.41,752.4
Bihar,MUNGER,2010,Rabi,0.7888774459320288,26.4,102.8
Bihar,MUNGER,2011,Rabi,0.812984496124031,25.63,84.1
Bihar,MUNGER,2012,Rabi,1.0455341506129596,25.48,103.7
Bihar,MUNGER,2013,Rabi,1.1938461538461538,25.3,182.0
Bihar,MUNGER,2014,Rabi,0.7724637681159421,25.34,107.7
Bihar,MUZAFFARPUR,2008,Rabi,0.6037371134020618,25.67,57.4
Bihar,MUZAFFARPUR,2009,Rabi,1.0300751879699248,26.41,79.8
Bihar,MUZAFFARPUR,2010,Rabi,0.7110599078341013,26.4,86.3
Bihar,MUZAFFARPUR,2011,Rabi,0.7328805885681947,25.63,40.2
Bihar,MUZAFFARPUR,2012,Rabi,0.8960899839314408,25.48,58.6
Bihar,MUZAFFARPUR,2013,Rabi,0.5343396226415095,25.3,290.7
Bihar,MUZAFFARPUR,2014,Rabi,0.5487804878048781,25.34,86.4
Bihar,NALANDA,2009,Rabi,0.9119871431272453,26.41,385.8
Bihar,NALANDA,2010,Rabi,1.0989785831960461,26.4,47.2
Bihar,NALANDA,2011,Rabi,0.602970297029703,25.63,11.4
Bihar,NALANDA,2012,Rabi,1.283984867591425,25.48,104.7
Bihar,NALANDA,2013,Rabi,1.2300215122301013,25.3,179.4
Bihar,NALANDA,2014,Rabi,1.0109880962290851,25.34,65.49999999999999
Bihar,NAWADA,2010,Rabi,1.3,26.4,73.9
Bihar,NAWADA,2011,Rabi,0.829073482428115,25.63,6.2
Bihar,NAWADA,2012,Rabi,1.1330829085055003,25.48,81.30000000000001
Bihar,NAWADA,2013,Rabi,0.6518887722980063,25.3,142.0
Bihar,NAWADA,2014,Rabi,0.49811117107393416,25.34,78.4
Andhra Pradesh,PATNA,2008,Rabi,0.9199944084618611,27.89,315.40000000000003
Andhra Pradesh,PATNA,2009,Rabi,1.255998613037448,28.43,288.1
Andhra Pradesh,PATNA,2010,Rabi,1.0810066711376232,28.25,770.0
Andhra Pradesh,PATNA,2011,Rabi,1.1080051765575891,27.81,69.5
Andhra Pradesh,PATNA,2012,Rabi,1.387005846325167,28.06,519.6
Andhra Pradesh,PATNA,2013,Rabi,1.6050111319221119,27.78,758.3
Andhra Pradesh,PATNA,2014,Rabi,1.4889979077988602,28.02,476.8
Bihar,PURNIA,2008,Rabi,0.713218122372723,25.67,111.2
Bihar,PURNIA,2009,Rabi,0.6969222743870631,26.41,244.7
Bihar,PURNIA,2010,Rabi,0.6319129646418857,26.4,42.9
Bihar,PURNIA,2011,Rabi,0.6211775445002282,25.63,34.4
Bihar,PURNIA,2012,Rabi,0.7340082834790612,25.48,64.8
Bihar,PURNIA,2013,Rabi,0.7611777535441657,25.3,242.0
Bihar,PURNIA,2014,Rabi,0.9270304568527918,25.34,64.3
Bihar,ROHTAS,2008,Rabi,0.8650539784086365,25.67,61.7
Bihar,ROHTAS,2009,Rabi,0.5749354005167958,26.41,103.39999999999999
Bihar,ROHTAS,2010,Rabi,0.9460287081339713,26.4,40.4
Bihar,ROHTAS,2011,Rabi,1.3019607843137255,25.63,6.3
Bihar,ROHTAS,2012,Rabi,1.1820728291316527,25.48,20.599999999999998
Bihar,ROHTAS,2013,Rabi,1.0059188275084554,25.3,172.3
Bihar,ROHTAS,2014,Rabi,1.3098729227761485,25.34,148.20000000000002
Bihar,SAHARSA,2008,Rabi,0.49282296650717705,25.67,812.7
Bihar,SAHARSA,2009,Rabi,0.4822274881516588,26.41,786.0
Bihar,SAHARSA,2010,Rabi,0.48931116389548696,26.4,711.0
Bihar,SAHARSA,2011,Rabi,0.6858638743455497,25.63,94.19999999999999
Bihar,SAHARSA,2012,Rabi,0.2861491628614916,25.48,68.19999999999999
Bihar,SAHARSA,2013,Rabi,0.6711111111111111,25.3,158.39999999999998
Bihar,SAHARSA,2014,Rabi,0.5045703839122486,25.34,13.4
Bihar,SAMASTIPUR,2008,Rabi,0.8601440576230492,25.67,198.8
Bihar,SAMASTIPUR,2009,Rabi,0.9281953087601723,26.41,486.9
Bihar,SAMASTIPUR,2010,Rabi,1.1057057057057058,26.4,48.2
Bihar,SAMASTIPUR,2011,Rabi,1.3688348820586134,25.63,13.7
Bihar,SAMASTIPUR,2012,Rabi,1.3566833452466047,25.48,67.89999999999999
Bihar,SAMASTIPUR,2013,Rabi,0.8622417031934878,25.3,224.1
Bihar,SAMASTIPUR,2014,Rabi,0.6369376479873717,25.34,78.2
Bihar,SARAN,2008,Rabi,0.8117647058823529,25.67,460.6
Bihar,SARAN,2009,Rabi,0.8928571428571429,26.41,218.4
Bihar,SARAN,2010,Rabi,0.9415584415584416,26.4,69.10000000000001
Bihar,SARAN,2011,Rabi,1.018018018018018,25.63,11.7
Bihar,SARAN,2012,Rabi,1.1467391304347827,25.48,65.4
Bihar,SARAN,2013,Rabi,1.27,25.3,267.6
Bihar,SARAN,2014,Rabi,1.4553571428571428,25.34,131.4
Bihar,SHEIKHPURA,2010,Rabi,0.7709720372836218,26.4,80.0
Bihar,SHEIKHPURA,2011,Rabi,0.885,25.63,31.400000000000002
Bihar,SHEIKHPURA,2012,Rabi,0.932933683027351,25.48,121.69999999999999
Bihar,SHEIKHPURA,2013,Rabi,1.0540613963596848,25.3,136.5
Bihar,SHEIKHPURA,2014,Rabi,1.1949265687583444,25.34,66.7
Bihar,SHEOHAR,2010,Rabi,0.9402597402597402,26.4,6.2
Bihar,SHEOHAR,2011,Rabi,1.2672094744633604,25.63,13.5
Bihar,SHEOHAR,2012,Rabi,0.792910447761194,25.48,29.0
Bihar,SHEOHAR,2013,Rabi,0.8481675392670157,25.3,204.4
Bihar,SHEOHAR,2014,Rabi,0.17530864197530865,25.34,200.6
Bihar,SITAMARHI,2008,Rabi,0.840079869304774,25.67,1233.1
Bihar,SITAMARHI,2009,Rabi,0.7899369223998827,26.41,605.9
Bihar,SITAMARHI,2010,Rabi,0.8680575539568345,26.4,473.5
Bihar,SITAMARHI,2011,Rabi,0.7588809946714032,25.63,243.0
Bihar,SITAMARHI,2012,Rabi,0.6938232161874335,25.48,15.6
Bihar,SITAMARHI,2013,Rabi,0.6878674505611972,25.3,209.39999999999998
Bihar,SITAMARHI,2014,Rabi,0.1689106487148103,25.34,157.5
Bihar,SIWAN,2008,Rabi,0.8110236220472441,25.67,1006.7
Bihar,SIWAN,2009,Rabi,0.8923766816143498,26.41,311.8
Bihar,SIWAN,2010,Rabi,0.9397590361445783,26.4,521.0
Bihar,SIWAN,2011,Rabi,1.0180940892641737,25.63,19.0
Bihar,SIWAN,2012,Rabi,1.1465346534653464,25.48,10.000000000000002
Bihar,SIWAN,2013,Rabi,1.2710843373493976,25.3,382.8
Bihar,SIWAN,2014,Rabi,1.4549450549450549,25.34,194.2
Bihar,SUPAUL,2008,Rabi,0.6291448516579407,25.67,4.0
Bihar,SUPAUL,2009,Rabi,0.24322289156626506,26.41,0.0
Bihar,SUPAUL,2010,Rabi,0.41639871382636656,26.4,282.09999999999997
Bihar,SUPAUL,2011,Rabi,0.7572977481234362,25.63,31.699999999999996
Bihar,SUPAUL,2012,Rabi,0.5996663886572143,25.48,44.3
Bihar,SUPAUL,2013,Rabi,1.434691011235955,25.3,196.5
Bihar,SUPAUL,2014,Rabi,0.8481848184818482,25.34,87.80000000000001
Bihar,VAISHALI,2008,Rabi,0.8395303326810176,25.67,34.0
Bihar,VAISHALI,2009,Rabi,0.714975845410628,26.41,1.5
Bihar,VAISHALI,2010,Rabi,0.8156424581005587,26.4,105.8
Bihar,VAISHALI,2011,Rabi,1.123456790123457,25.63,13.0
Bihar,VAISHALI,2012,Rabi,0.8973214285714286,25.48,116.0
Bihar,VAISHALI,2013,Rabi,1.8693181818181819,25.3,212.0
Bihar,VAISHALI,2014,Rabi,0.35714285714285715,25.34,98.0
Uttar Pradesh,BALRAMPUR,2008,Rabi,0.9489801528396283,25.81,1244.0
Uttar Pradesh,BALRAMPUR,2009,Rabi,0.9869990507243386,26.59,625.5
Uttar Pradesh,BALRAMPUR,2010,Rabi,0.7890022393630256,26.63,17.7
Uttar Pradesh,BALRAMPUR,2011,Rabi,0.769757862724718,25.85,7.0
Uttar Pradesh,BALRAMPUR,2012,Rabi,0.8050521473609074,25.85,74.30000000000001
Uttar Pradesh,BALRAMPUR,2013,Rabi,0.8934637522511388,25.62,120.4
Uttar Pradesh,BALRAMPUR,2014,Rabi,0.8599202199759886,25.65,124.0
Chhattisgarh,BASTAR,2008,Rabi,0.34615384615384615,26.1,176.2
Chhattisgarh,BASTAR,2009,Rabi,0.3,26.89,33.4
Chhattisgarh,BASTAR,2010,Rabi,0.3076923076923077,26.76,236.29999999999998
Chhattisgarh,BASTAR,2011,Rabi,0.3125,26.06,41.2
Chhattisgarh,BASTAR,2012,Rabi,0.3333333333333333,26.21,81.7
Chhattisgarh,BASTAR,2013,Rabi,0.16666666666666666,25.83,199.2
Chhattisgarh,BASTAR,2014,Rabi,0.3333333333333333,26.02,132.6
Himachal Pradesh,BILASPUR,2008,Rabi,0.31504424778761064,10.07,148.60000000000002
Himachal Pradesh,BILASPUR,2009,Rabi,0.32555879494655005,10.56,191.1
Himachal Pradesh,BILASPUR,2010,Rabi,0.27121771217712176,10.66,225.90000000000003
Himachal Pradesh,BILASPUR,2011,Rabi,0.32020997375328086,10.23,214.39999999999998
Himachal Pradesh,BILASPUR,2012,Rabi,0.3236842105263158,10.03,366.5
Himachal Pradesh,BILASPUR,2013,Rabi,0.3351063829787234,10.2,623.0
Himachal Pradesh,BILASPUR,2014,Rabi,0.33578431372549017,9.91,536.5
Chhattisgarh,DHAMTARI,2008,Rabi,0.39081325301204817,26.1,22.1
Chhattisgarh,DHAMTARI,2009,Rabi,0.3904899135446686,26.89,145.8
Chhattisgarh,DHAMTARI,2010,Rabi,0.38850574712643676,26.76,154.4
Chhattisgarh,DHAMTARI,2011,Rabi,0.3892100192678227,26.06,15.0
Chhattisgarh,DHAMTARI,2012,Rabi,0.391304347826087,26.21,108.6
Chhattisgarh,DHAMTARI,2013,Rabi,0.38735177865612647,25.83,231.60000000000002
Chhattisgarh,DHAMTARI,2014,Rabi,0.3915343915343915,26.02,120.8
Chhattisgarh,DURG,2008,Rabi,0.3411580594679186,26.1,307.1
Chhattisgarh,DURG,2009,Rabi,0.30070364238410596,26.89,986.5
Chhattisgarh,DURG,2010,Rabi,0.33544546850998463,26.76,791.4
Chhattisgarh,DURG,2011,Rabi,0.3473792394655704,26.06,303.7
Chhattisgarh,DURG,2012,Rabi,0.3581932773109244,26.21,389.29999999999995
Chhattisgarh,DURG,2013,Rabi,0.29469122426868904,25.83,416.69999999999993
Chhattisgarh,DURG,2014,Rabi,0.3762162162162162,26.02,701.3
Chhattisgarh,JANJGIR-CHAMPA,2008,Rabi,0.3125,26.1,23.0
Chhattisgarh,JANJGIR-CHAMPA,2009,Rabi,0.35714285714285715,26.89,38.5
Chhattisgarh,JANJGIR-CHAMPA,2010,Rabi,0.2857142857142857,26.76,94.79999999999998
Chhattisgarh,JANJGIR-CHAMPA,2011,Rabi,0.3333333333333333,26.06,47.2
Chhattisgarh,JANJGIR-CHAMPA,2012,Rabi,0.34615384615384615,26.21,122.80000000000001
Chhattisgarh,JANJGIR-CHAMPA,2013,Rabi,0.35,25.83,253.9
Chhattisgarh,JANJGIR-CHAMPA,2014,Rabi,0.2777777777777778,26.02,138.0
Chhattisgarh,JASHPUR,2008,Rabi,0.2839248434237996,26.1,60.400000000000006
Chhattisgarh,JASHPUR,2009,Rabi,0.29067245119305857,26.89,89.5
Chhattisgarh,JASHPUR,2010,Rabi,0.29411764705882354,26.76,141.2
Chhattisgarh,JASHPUR,2011,Rabi,0.3108433734939759,26.06,29.5
Chhattisgarh,JASHPUR,2012,Rabi,0.27571115973741794,26.21,167.89999999999998
Chhattisgarh,JASHPUR,2013,Rabi,0.3103057757644394,25.83,245.6
Chhattisgarh,JASHPUR,2014,Rabi,0.3057110862262038,26.02,57.7
Chhattisgarh,KABIRDHAM,2013,Rabi,0.29856115107913667,25.83,257.0
Chhattisgarh,KABIRDHAM,2014,Rabi,0.29822437449556094,26.02,211.0
Chhattisgarh,KANKER,2008,Rabi,0.31683168316831684,26.1,13.1
Chhattisgarh,KANKER,2009,Rabi,0.2828282828282828,26.89,27.8
Chhattisgarh,KANKER,2010,Rabi,0.30666666666666664,26.76,180.7
Chhattisgarh,KANKER,2011,Rabi,0.32727272727272727,26.06,18.299999999999997
Chhattisgarh,KANKER,2012,Rabi,0.265625,26.21,69.0
Chhattisgarh,KANKER,2013,Rabi,0.2421875,25.83,227.5
Chhattisgarh,KANKER,2014,Rabi,0.25196850393700787,26.02,77.8
Chhattisgarh,KORBA,2008,Rabi,0.3103448275862069,26.1,12.5
Chhattisgarh,KORBA,2009,Rabi,0.275,26.89,22.6
Chhattisgarh,KORBA,2010,Rabi,0.2708333333333333,26.76,49.4
Chhattisgarh,KORBA,2011,Rabi,0.3409090909090909,26.06,16.1
Chhattisgarh,KORBA,2012,Rabi,0.27906976744186046,26.21,122.6
Chhattisgarh,KORBA,2013,Rabi,0.27906976744186046,25.83,244.6
Chhattisgarh,KORBA,2014,Rabi,0.3333333333333333,26.02,199.3
Chhattisgarh,MAHASAMUND,2008,Rabi,0.3333333333333333,26.1,20.4
Chhattisgarh,MAHASAMUND,2009,Rabi,0.4,26.89,16.1
Chhattisgarh,MAHASAMUND,2010,Rabi,0.42857142857142855,26.76,48.5
Chhattisgarh,MAHASAMUND,2011,Rabi,0.5,26.06,2.9
Chhattisgarh,MAHASAMUND,2012,Rabi,0.5,26.21,74.3
Chhattisgarh,MAHASAMUND,2013,Rabi,0.5,25.83,150.2
Chhattisgarh,MAHASAMUND,2014,Rabi,0.5,26.02,58.5
Maharashtra,RAIGARH,2008,Rabi,0.31690140845070425,26.8,77.30000000000001
Maharashtra,RAIGARH,2009,Rabi,0.2857142857142857,27.58,25.5
Maharashtra,RAIGARH,2010,Rabi,0.3259668508287293,27.48,276.0
Maharashtra,RAIGARH,2011,Rabi,0.3153846153846154,26.86,164.6
Maharashtra,RAIGARH,2012,Rabi,0.3333333333333333,26.94,258.09999999999997
Maharashtra,RAIGARH,2013,Rabi,0.31896551724137934,26.68,308.5
Maharashtra,RAIGARH,2014,Rabi,0.3387096774193548,27.0,141.4
Chhattisgarh,RAIPUR,2008,Rabi,0.33177812337998963,26.1,42.6
Chhattisgarh,RAIPUR,2009,Rabi,0.3514056224899598,26.89,30.900000000000002
Chhattisgarh,RAIPUR,2010,Rabi,0.3775752773375594,26.76,87.4
Chhattisgarh,RAIPUR,2011,Rabi,0.3575289575289575,26.06,8.2
Chhattisgarh,RAIPUR,2012,Rabi,0.42317380352644834,26.21,89.3
Chhattisgarh,RAIPUR,2013,Rabi,0.3904607922392886,25.83,150.2
Chhattisgarh,RAIPUR,2014,Rabi,0.45549242424242425,26.02,119.3
Chhattisgarh,RAJNANDGAON,2008,Rabi,0.2706552706552707,26.1,70.0
Chhattisgarh,RAJNANDGAON,2009,Rabi,0.2825531914893617,26.89,39.0
Chhattisgarh,RAJNANDGAON,2010,Rabi,0.32526475037821484,26.76,54.6
Chhattisgarh,RAJNANDGAON,2011,Rabi,0.3257287705956908,26.06,24.5
Chhattisgarh,RAJNANDGAON,2012,Rabi,0.2716138328530259,26.21,84.30000000000001
Chhattisgarh,RAJNANDGAON,2013,Rabi,0.2767527675276753,25.83,191.4
Chhattisgarh,RAJNANDGAON,2014,Rabi,0.3523035230352303,26.02,65.89999999999999
Chhattisgarh,SURGUJA,2008,Rabi,0.32518450184501846,26.1,36.2
Chhattisgarh,SURGUJA,2009,Rabi,0.27119396360408343,26.89,77.10000000000001
Chhattisgarh,SURGUJA,2010,Rabi,0.1843154630039876,26.76,63.4
Chhattisgarh,SURGUJA,2011,Rabi,0.3250798722044728,26.06,35.8
Chhattisgarh,SURGUJA,2012,Rabi,0.3362410785091198,26.21,137.3
Chhattisgarh,SURGUJA,2013,Rabi,0.33626198083067094,25.83,187.4
Chhattisgarh,SURGUJA,2014,Rabi,0.3471208434712084,26.02,107.3
Haryana,AMBALA,2008,Rabi,0.5649717514124294,25.12,30.5
Haryana,AMBALA,2009,Rabi,0.8168028004667445,25.81,35.6
Haryana,AMBALA,2010,Rabi,0.85995085995086,25.89,65.3
Haryana,AMBALA,2011,Rabi,0.9036144578313253,25.27,31.200000000000003
Haryana,AMBALA,2012,Rabi,0.9117117117117117,25.09,25.1
Haryana,BHIWANI,2010,Rabi,0.0,25.89,26.4
Haryana,BHIWANI,2012,Rabi,0.0,25.09,8.6
Haryana,FATEHABAD,2008,Rabi,0.0,25.12,4.8
Haryana,FATEHABAD,2010,Rabi,0.0,25.89,22.0
Haryana,FATEHABAD,2011,Rabi,0.0,25.27,16.6
Haryana,GURGAON,2010,Rabi,0.0,25.89,28.3
Bihar,HISAR,2008,Rabi,0.0,25.67,18.3
Bihar,HISAR,2009,Rabi,0.0,26.41,19.8
Bihar,HISAR,2010,Rabi,0.0,26.4,91.60000000000001
Bihar,HISAR,2011,Rabi,0.0,25.63,74.3
Haryana,JHAJJAR,2008,Rabi,1.3333333333333333,25.12,488.79999999999995
Haryana,JIND,2008,Rabi,0.0,25.12,171.9
Haryana,JIND,2009,Rabi,0.0,25.81,28.3
Haryana,JIND,2010,Rabi,0.0,25.89,36.2
Haryana,JIND,2011,Rabi,0.0,25.27,34.6
Haryana,JIND,2012,Rabi,1.3043478260869565,25.09,8.1
Haryana,KAITHAL,2008,Rabi,2.803738317757009,25.12,341.0
Haryana,KAITHAL,2009,Rabi,1.8018018018018018,25.81,13.5
Haryana,KAITHAL,2010,Rabi,1.8691588785046729,25.89,22.9
Haryana,KAITHAL,2011,Rabi,1.8691588785046729,25.27,40.2
Haryana,KAITHAL,2012,Rabi,1.3981481481481481,25.09,5.3999999999999995
Haryana,KARNAL,2008,Rabi,0.8522727272727273,25.12,12.1
Haryana,KARNAL,2009,Rabi,1.1070110701107012,25.81,16.7
Haryana,KARNAL,2010,Rabi,1.1952191235059761,25.89,33.1
Haryana,KARNAL,2011,Rabi,1.1363636363636365,25.27,26.700000000000003
Haryana,KARNAL,2012,Rabi,1.1008403361344539,25.09,14.4
Haryana,KURUKSHETRA,2008,Rabi,1.3888888888888888,25.12,149.6
Haryana,KURUKSHETRA,2009,Rabi,1.2096774193548387,25.81,6.5
Haryana,KURUKSHETRA,2010,Rabi,1.3937282229965158,25.89,25.3
Haryana,KURUKSHETRA,2011,Rabi,1.5015015015015014,25.27,16.799999999999997
Haryana,KURUKSHETRA,2012,Rabi,1.3981481481481481,25.09,8.100000000000001
Haryana,MEWAT,2010,Rabi,0.45610034207525657,25.89,0.0
Haryana,MEWAT,2011,Rabi,0.4909983633387889,25.27,4.3999999999999995
Haryana,MEWAT,2012,Rabi,0.6776699029126214,25.09,0.3
Haryana,PALWAL,2010,Rabi,0.0,25.89,13.0
Haryana,PALWAL,2011,Rabi,0.0,25.27,8.0
Haryana,PALWAL,2012,Rabi,0.4,25.09,0.0
Haryana,PANCHKULA,2008,Rabi,0.8169934640522876,25.12,16.0
Haryana,PANCHKULA,2009,Rabi,0.9900990099009901,25.81,21.4
Haryana,PANCHKULA,2010,Rabi,1.0810810810810811,25.89,15.6
Haryana,PANCHKULA,2011,Rabi,1.0,25.27,33.5
Haryana,PANCHKULA,2012,Rabi,0.935,25.09,15.7
Haryana,PANIPAT,2008,Rabi,0.0,25.12,2.2
Haryana,PANIPAT,2009,Rabi,2.5,25.81,5.0
Haryana,PANIPAT,2010,Rabi,0.0,25.89,5.3
Haryana,PANIPAT,2011,Rabi,0.0,25.27,33.5
Haryana,PANIPAT,2012,Rabi,1.236842105263158,25.09,23.1
Haryana,SIRSA,2008,Rabi,0.0,25.12,24.4
Haryana,SIRSA,2009,Rabi,0.0,25.81,42.199999999999996
Haryana,SIRSA,2010,Rabi,0.0,25.89,36.1
Haryana,SIRSA,2011,Rabi,0.0,25.27,18.5
Haryana,SIRSA,2012,Rabi,0.9285714285714286,25.09,14.4
Haryana,SONIPAT,2009,Rabi,0.0,25.81,31.8
Haryana,YAMUNANAGAR,2008,Rabi,0.78125,25.12,16.3
Haryana,YAMUNANAGAR,2009,Rabi,0.8458646616541353,25.81,34.0
Haryana,YAMUNANAGAR,2010,Rabi,1.0338345864661653,25.89,80.4
Haryana,YAMUNANAGAR,2011,Rabi,1.0804321728691477,25.27,38.1
Haryana,YAMUNANAGAR,2012,Rabi,1.0254596888260255,25.09,22.6
Himachal Pradesh,CHAMBA,2008,Rabi,0.6666666666666666,10.07,331.59999999999997
Himachal Pradesh,CHAMBA,2010,Rabi,0.9411764705882353,10.66,158.3
Himachal Pradesh,HAMIRPUR,2008,Rabi,0.7839880456334952,10.07,122.29999999999998
Himachal Pradesh,HAMIRPUR,2009,Rabi,0.6500019059962643,10.56,201.5
Himachal Pradesh,HAMIRPUR,2010,Rabi,0.4970073109986342,10.66,234.2
Himachal Pradesh,HAMIRPUR,2011,Rabi,0.61899428394871,10.23,197.8
Himachal Pradesh,HAMIRPUR,2012,Rabi,0.674011805791637,10.03,284.59999999999997
Himachal Pradesh,HAMIRPUR,2013,Rabi,0.4659987011782169,10.2,524.8
Himachal Pradesh,HAMIRPUR,2014,Rabi,0.20098540145985402,9.91,451.7
Himachal Pradesh,KANGRA,2008,Rabi,0.6634615384615384,10.07,170.89999999999998
Himachal Pradesh,KANGRA,2010,Rabi,0.7777777777777778,10.66,178.50000000000003
Himachal Pradesh,KULLU,2008,Rabi,0.26865671641791045,10.07,337.1
Himachal Pradesh,KULLU,2010,Rabi,0.6534653465346535,10.66,439.09999999999997
Himachal Pradesh,MANDI,2008,Rabi,0.06914893617021277,10.07,134.5
Himachal Pradesh,MANDI,2010,Rabi,0.2605633802816901,10.66,200.89999999999998
Himachal Pradesh,SIRMAUR,2008,Rabi,0.3619047619047619,10.07,68.8
Himachal Pradesh,SIRMAUR,2010,Rabi,0.6008403361344538,10.66,111.3
Himachal Pradesh,SOLAN,2008,Rabi,1.375,10.07,102.9
Madhya Pradesh,UNA,2008,Rabi,0.5,25.72,909.8999999999999
Odisha,SAMBA,2008,Rabi,0.5461538461538461,26.17,65.5
Uttarakhand,GARHWA,2010,Rabi,0.5224719101123596,14.87,429.40000000000003
Jharkhand,GODDA,2010,Rabi,1.0233415233415233,25.99,176.5
Jharkhand,LATEHAR,2010,Rabi,0.6666666666666666,25.99,105.4
Madhya Pradesh,ANUPPUR,2010,Rabi,0.1542565423354643,26.56,26.7
Madhya Pradesh,ANUPPUR,2011,Rabi,0.29881748071979436,25.73,0.0
Madhya Pradesh,ANUPPUR,2012,Rabi,0.4587924879714419,25.78,156.9
Madhya Pradesh,ANUPPUR,2013,Rabi,0.6072291688557319,25.49,282.20000000000005
Madhya Pradesh,ASHOKNAGAR,2010,Rabi,0.5170925294158601,26.56,56.5
Madhya Pradesh,ASHOKNAGAR,2011,Rabi,0.6775812977671213,25.73,0.0
Madhya Pradesh,ASHOKNAGAR,2012,Rabi,1.0966445733222867,25.78,10.5
Madhya Pradesh,ASHOKNAGAR,2013,Rabi,1.3337836485539878,25.49,202.3
Madhya Pradesh,BALAGHAT,2008,Rabi,0.3008130081300813,25.72,77.5
Madhya Pradesh,BALAGHAT,2009,Whole Year,0.358974358974359,26.65,1097.1999999999998
Madhya Pradesh,BALAGHAT,2010,Rabi,0.2688679245283019,26.56,48.6
Madhya Pradesh,BALAGHAT,2011,Rabi,0.2688679245283019,25.73,10.499999999999998
Madhya Pradesh,BALAGHAT,2012,Rabi,0.4953271028037383,25.78,75.0
Madhya Pradesh,BALAGHAT,2013,Rabi,0.4975845410628019,25.49,128.79999999999998
Madhya Pradesh,BETUL,2008,Rabi,0.4833593343733749,25.72,50.4
Madhya Pradesh,BETUL,2009,Whole Year,0.4975572126510671,26.65,1066.9000000000003
Madhya Pradesh,BETUL,2010,Rabi,0.10034702139965297,26.56,154.2
Madhya Pradesh,BETUL,2011,Rabi,0.47224080267558527,25.73,14.899999999999999
Madhya Pradesh,BETUL,2012,Rabi,0.6260290082320659,25.78,55.7
Madhya Pradesh,BETUL,2013,Rabi,0.7148330596606459,25.49,128.7
Madhya Pradesh,BHIND,2008,Rabi,0.5629089079013588,25.72,6.0
Madhya Pradesh,BHIND,2009,Whole Year,0.5277611044417767,26.65,525.0
Madhya Pradesh,BHIND,2010,Rabi,0.3585808580858086,26.56,54.4
Madhya Pradesh,BHIND,2011,Rabi,0.3179506498398945,25.73,4.9
Madhya Pradesh,BHIND,2012,Rabi,0.6767727386619895,25.78,27.9
Madhya Pradesh,BHIND,2013,Rabi,0.7343528745397905,25.49,152.2
Madhya Pradesh,BHOPAL,2008,Rabi,0.4923726062966569,25.72,22.200000000000003
Madhya Pradesh,BHOPAL,2009,Whole Year,0.5328396651641983,26.65,1203.1999999999998
Madhya Pradesh,BHOPAL,2010,Rabi,0.29501238061549345,26.56,188.0
Madhya Pradesh,BHOPAL,2011,Rabi,1.032181168057211,25.73,3.2
Madhya Pradesh,BHOPAL,2012,Rabi,1.1710350955131053,25.78,0.0
Madhya Pradesh,BHOPAL,2013,Rabi,1.2393617021276595,25.49,72.4
Madhya Pradesh,BURHANPUR,2010,Rabi,0.325,26.56,44.5
Madhya Pradesh,BURHANPUR,2011,Rabi,0.40625,25.73,0.0
Madhya Pradesh,BURHANPUR,2013,Rabi,0.7272727272727273,25.49,148.6
Madhya Pradesh,CHHATARPUR,2008,Rabi,0.2718113121135791,25.72,20.5
Madhya Pradesh,CHHATARPUR,2009,Whole Year,0.28347631480790747,26.65,809.8000000000001
Madhya Pradesh,CHHATARPUR,2010,Rabi,0.15940717275709923,26.56,92.3
Madhya Pradesh,CHHATARPUR,2011,Rabi,0.1690712353471596,25.73,2.8000000000000003
Madhya Pradesh,CHHATARPUR,2012,Rabi,0.3703923195448619,25.78,22.1
Madhya Pradesh,CHHATARPUR,2013,Rabi,0.3680344478216819,25.49,227.29999999999998
Madhya Pradesh,CHHINDWARA,2008,Rabi,0.4266124936515998,25.72,59.5
Madhya Pradesh,CHHINDWARA,2009,Whole Year,0.5997261524418074,26.65,1288.7
Madhya Pradesh,CHHINDWARA,2010,Rabi,0.44262871200140574,26.56,64.9
Madhya Pradesh,CHHINDWARA,2011,Rabi,0.5076650943396226,25.73,0.0
Madhya Pradesh,CHHINDWARA,2012,Rabi,0.6144259818731118,25.78,88.6
Madhya Pradesh,CHHINDWARA,2013,Rabi,0.6505660377358491,25.49,189.1
Madhya Pradesh,DAMOH,2008,Rabi,0.6799925852694019,25.72,4.5
Madhya Pradesh,DAMOH,2009,Whole Year,0.6800275245140203,26.65,793.1
Madhya Pradesh,DAMOH,2010,Rabi,0.4807194583148153,26.56,2.9
Madhya Pradesh,DAMOH,2011,Rabi,0.5494002572462684,25.73,1.8
Madhya Pradesh,DAMOH,2012,Rabi,0.7599815724815725,25.78,40.900000000000006
Madhya Pradesh,DAMOH,2013,Rabi,0.3663072355055477,25.49,140.70000000000002
Madhya Pradesh,DATIA,2008,Rabi,0.6595547309833024,25.72,6.0
Madhya Pradesh,DATIA,2009,Whole Year,0.5718319802329686,26.65,654.8
Madhya Pradesh,DATIA,2010,Rabi,0.3194370685077005,26.56,94.20000000000002
Madhya Pradesh,DATIA,2011,Rabi,0.3509090909090909,25.73,6.3
Madhya Pradesh,DATIA,2012,Rabi,0.7711839385887216,25.78,16.7
Madhya Pradesh,DATIA,2013,Rabi,0.8458149779735683,25.49,181.7
Madhya Pradesh,DEWAS,2008,Rabi,0.5867346938775511,25.72,11.3
Madhya Pradesh,DEWAS,2009,Whole Year,0.5875,26.65,779.6999999999999
Madhya Pradesh,DEWAS,2010,Rabi,0.497737556561086,26.56,94.20000000000002
Madhya Pradesh,DEWAS,2011,Rabi,0.4972067039106145,25.73,6.3
Madhya Pradesh,DEWAS,2012,Rabi,0.7368421052631579,25.78,16.7
Madhya Pradesh,DEWAS,2013,Rabi,0.7368421052631579,25.49,181.70000000000002
Punjab,DHAR,2008,Rabi,0.4254807692307692,24.57,2114.9
Punjab,DHAR,2009,Whole Year,0.4627151051625239,25.1,3960.9
Punjab,DHAR,2010,Rabi,0.3543307086614173,25.24,784.8
Punjab,DHAR,2011,Rabi,0.34615384615384615,24.76,630.5999999999999
Punjab,DHAR,2012,Rabi,0.6538461538461539,24.53,613.2
Punjab,DHAR,2013,Rabi,1.0120481927710843,24.78,761.5
Madhya Pradesh,DINDORI,2008,Rabi,0.24964028776978417,25.72,20.5
Madhya Pradesh,DINDORI,2009,Whole Year,0.24964459285218368,26.65,605.3000000000001
Madhya Pradesh,DINDORI,2010,Rabi,0.05783321702721563,26.56,44.1
Madhya Pradesh,DINDORI,2011,Rabi,0.12144702842377261,25.73,6.3
Madhya Pradesh,DINDORI,2012,Rabi,0.46359821996185635,25.78,144.5
Madhya Pradesh,DINDORI,2013,Rabi,0.9843168873052616,25.49,112.3
Madhya Pradesh,GUNA,2008,Rabi,0.6288436552620182,25.72,13.5
Madhya Pradesh,GUNA,2009,Whole Year,0.7335508428493747,26.65,677.3000000000001
Madhya Pradesh,GUNA,2010,Rabi,0.5480810694264769,26.56,80.9
Madhya Pradesh,GUNA,2011,Rabi,0.6412347117064647,25.73,0.2
Madhya Pradesh,GUNA,2012,Rabi,0.8830409356725146,25.78,12.8
Madhya Pradesh,GUNA,2013,Rabi,0.691358024691358,25.49,156.1
Madhya Pradesh,GWALIOR,2008,Rabi,0.5698051948051948,25.72,3.9
Madhya Pradesh,GWALIOR,2009,Whole Year,0.5422781271837875,26.65,516.6
Madhya Pradesh,GWALIOR,2010,Rabi,0.3993532740501213,26.56,93.0
Madhya Pradesh,GWALIOR,2011,Rabi,0.4181398923904689,25.73,4.3
Madhya Pradesh,GWALIOR,2012,Rabi,0.40578635014836795,25.78,28.5
Madhya Pradesh,GWALIOR,2013,Rabi,0.47479674796747967,25.49,181.9
Madhya Pradesh,HARDA,2008,Rabi,0.4329896907216495,25.72,444.8
Madhya Pradesh,HARDA,2009,Whole Year,0.41379310344827586,26.65,1540.9000000000003
Madhya Pradesh,HARDA,2010,Rabi,0.36065573770491804,26.56,772.9999999999999
Madhya Pradesh,HARDA,2011,Rabi,0.36,25.73,1105.6
Madhya Pradesh,HARDA,2012,Rabi,0.43243243243243246,25.78,627.3
Madhya Pradesh,HARDA,2013,Rabi,0.35555555555555557,25.49,398.1
Madhya Pradesh,HOSHANGABAD,2008,Rabi,0.5717185385656293,25.72,82.2
Madhya Pradesh,HOSHANGABAD,2009,Whole Year,0.5455455455455456,26.65,1574.7
Madhya Pradesh,HOSHANGABAD,2010,Rabi,0.4941002949852507,26.56,65.2
Madhya Pradesh,HOSHANGABAD,2011,Rabi,0.4799154334038055,25.73,5.5
Madhya Pradesh,HOSHANGABAD,2012,Rabi,0.7440273037542662,25.78,40.7
Madhya Pradesh,HOSHANGABAD,2013,Rabi,0.4495798319327731,25.49,152.6
Madhya Pradesh,INDORE,2008,Rabi,0.35555555555555557,25.72,48.5
Madhya Pradesh,INDORE,2009,Whole Year,0.42296918767507,26.65,965.0999999999999
Madhya Pradesh,INDORE,2010,Rabi,0.2840909090909091,26.56,104.39999999999999
Madhya Pradesh,INDORE,2011,Rabi,0.2806451612903226,25.73,2.5
Madhya Pradesh,INDORE,2012,Rabi,0.38926174496644295,25.78,1.9
Madhya Pradesh,INDORE,2013,Rabi,0.3972602739726027,25.49,140.4
Madhya Pradesh,JABALPUR,2008,Rabi,0.5120496771967867,25.72,29.3
Madhya Pradesh,JABALPUR,2009,Whole Year,0.4819062525298864,26.65,1122.0000000000002
Madhya Pradesh,JABALPUR,2010,Rabi,0.21975380388841928,26.56,43.9
Madhya Pradesh,JABALPUR,2011,Rabi,0.39902780146682587,25.73,5.4
Madhya Pradesh,JABALPUR,2012,Rabi,0.2881768712660299,25.78,54.199999999999996
Madhya Pradesh,JABALPUR,2013,Rabi,0.7228754214575949,25.49,175.6
Madhya Pradesh,JHABUA,2009,Whole Year,0.3333333333333333,26.65,622.6
Madhya Pradesh,JHABUA,2010,Rabi,0.2857142857142857,26.56,34.5
Madhya Pradesh,JHABUA,2011,Rabi,0.42857142857142855,25.73,0.0
Madhya Pradesh,JHABUA,2012,Rabi,0.0,25.78,0.0
Madhya Pradesh,KATNI,2008,Rabi,0.41233395443890125,25.72,40.3
Madhya Pradesh,KATNI,2009,Whole Year,0.39804580152671754,26.65,557.6
Madhya Pradesh,KATNI,2010,Rabi,0.16048979591836735,26.56,29.0
Madhya Pradesh,KATNI,2011,Rabi,0.2515393618645362,25.73,0.0
Madhya Pradesh,KATNI,2012,Rabi,0.514500537056928,25.78,22.7
Madhya Pradesh,KATNI,2013,Rabi,0.9156852919067903,25.49,110.3
Madhya Pradesh,KHANDWA,2008,Rabi,0.33883058470764615,25.72,16.400000000000002
Madhya Pradesh,KHANDWA,2009,Whole Year,0.3649167733674776,26.65,551.6999999999999
Madhya Pradesh,KHANDWA,2010,Rabi,0.2288135593220339,26.56,87.7
Madhya Pradesh,KHANDWA,2011,Rabi,0.3206751054852321,25.73,0.0
Madhya Pradesh,KHANDWA,2012,Rabi,0.3195084485407066,25.78,17.0
Madhya Pradesh,KHANDWA,2013,Rabi,0.6330434782608696,25.49,55.2
Madhya Pradesh,KHARGONE,2008,Rabi,0.3333333333333333,25.72,38.8
Madhya Pradesh,KHARGONE,2009,Whole Year,0.4074074074074074,26.65,702.5999999999999
Madhya Pradesh,KHARGONE,2010,Rabi,0.2608695652173913,26.56,69.5
Madhya Pradesh,KHARGONE,2011,Rabi,0.5,25.73,0.0
Madhya Pradesh,KHARGONE,2012,Rabi,0.4,25.78,0.0
Madhya Pradesh,KHARGONE,2013,Rabi,0.4,25.49,70.9
Madhya Pradesh,MANDLA,2008,Rabi,0.41224546336057627,25.72,54.7
Madhya Pradesh,MANDLA,2009,Whole Year,0.38385032688830156,26.65,959.3000000000002
Madhya Pradesh,MANDLA,2010,Rabi,0.27164938238985403,26.56,39.6
Madhya Pradesh,MANDLA,2011,Rabi,0.2717091316347346,25.73,17.1
Madhya Pradesh,MANDLA,2012,Rabi,0.4123087561587,25.78,116.0
Madhya Pradesh,MANDLA,2013,Rabi,0.626495540569937,25.49,211.0
Madhya Pradesh,MANDSAUR,2008,Rabi,0.4408194233687405,25.72,28.900000000000002
Madhya Pradesh,MANDSAUR,2009,Whole Year,0.45542168674698796,26.65,725.5999999999999
Madhya Pradesh,MANDSAUR,2010,Rabi,0.26914414414414417,26.56,59.9
Madhya Pradesh,MANDSAUR,2011,Rabi,0.31593090211132435,25.73,0.0
Madhya Pradesh,MANDSAUR,2012,Rabi,0.5389323359401564,25.78,0.0
Madhya Pradesh,MANDSAUR,2013,Rabi,0.8683970856102003,25.49,59.8
Madhya Pradesh,MORENA,2008,Rabi,0.5457627118644067,25.72,7.3
Madhya Pradesh,MORENA,2009,Whole Year,0.5163934426229508,26.65,660.5
Madhya Pradesh,MORENA,2010,Rabi,0.3311421528348398,26.56,28.5
Madhya Pradesh,MORENA,2011,Rabi,0.3614190687361419,25.73,0.0
Madhya Pradesh,MORENA,2012,Rabi,0.7304216867469879,25.78,16.0
Madhya Pradesh,MORENA,2013,Rabi,0.739424703891709,25.49,102.1
Madhya Pradesh,NARSINGHPUR,2008,Rabi,0.48757396449704143,25.72,34.9
Madhya Pradesh,NARSINGHPUR,2009,Whole Year,0.598786828422877,26.65,1230.9
Madhya Pradesh,NARSINGHPUR,2010,Rabi,0.32962821004216175,26.56,13.1
Madhya Pradesh,NARSINGHPUR,2011,Rabi,0.4189126662810873,25.73,6.8
Madhya Pradesh,NARSINGHPUR,2012,Rabi,0.8493841994592971,25.78,36.2
Madhya Pradesh,NARSINGHPUR,2013,Rabi,0.5421805929085907,25.49,233.7
Madhya Pradesh,NEEMUCH,2008,Rabi,0.40764331210191085,25.72,27.200000000000003
Madhya Pradesh,NEEMUCH,2009,Whole Year,0.4252336448598131,26.65,681.7
Madhya Pradesh,NEEMUCH,2010,Rabi,0.3522267206477733,26.56,31.7
Madhya Pradesh,NEEMUCH,2011,Rabi,0.33940774487471526,25.73,0.0
Madhya Pradesh,NEEMUCH,2012,Rabi,0.7155756207674944,25.78,0.0
Madhya Pradesh,NEEMUCH,2013,Rabi,0.8714689265536724,25.49,167.0
Madhya Pradesh,PANNA,2008,Rabi,0.6265168092301572,25.72,2.1
Madhya Pradesh,PANNA,2009,Whole Year,0.626544124913529,26.65,832.5
Madhya Pradesh,PANNA,2010,Rabi,0.31877518519412207,26.56,71.3
Madhya Pradesh,PANNA,2011,Rabi,0.448906278601501,25.73,0.5
Madhya Pradesh,PANNA,2012,Rabi,0.7527980797756142,25.78,47.9
Madhya Pradesh,PANNA,2013,Rabi,0.692764433835596,25.49,207.6
Madhya Pradesh,RAISEN,2008,Rabi,0.5927643784786641,25.72,14.899999999999999
Madhya Pradesh,RAISEN,2009,Whole Year,0.5927723418134377,26.65,1078.9
Madhya Pradesh,RAISEN,2010,Rabi,0.43374436654982473,26.56,39.599999999999994
Madhya Pradesh,RAISEN,2011,Rabi,0.5710688547364765,25.73,2.4
Madhya Pradesh,RAISEN,2012,Rabi,0.6173566390677706,25.78,9.2
Madhya Pradesh,RAISEN,2013,Rabi,0.6325199973112858,25.49,94.5
Madhya Pradesh,RAJGARH,2008,Rabi,0.42642201834862387,25.72,19.4
Madhya Pradesh,RAJGARH,2009,Whole Year,0.542192046556741,26.65,802.1000000000001
Madhya Pradesh,RAJGARH,2010,Rabi,0.2881854987118145,26.56,69.3
Madhya Pradesh,RAJGARH,2011,Rabi,0.43783616052958213,25.73,0.0
Madhya Pradesh,RAJGARH,2012,Rabi,0.6274802645615533,25.78,0.0
Madhya Pradesh,RAJGARH,2013,Rabi,1.1603098927294397,25.49,128.0
Madhya Pradesh,RATLAM,2008,Rabi,0.524390243902439,25.72,35.199999999999996
Madhya Pradesh,RATLAM,2009,Whole Year,0.5238095238095238,26.65,756.9
Madhya Pradesh,RATLAM,2010,Rabi,0.33186813186813185,26.56,45.300000000000004
Madhya Pradesh,RATLAM,2011,Rabi,0.4094922737306843,25.73,0.0
Madhya Pradesh,RATLAM,2012,Rabi,0.7118451025056948,25.78,0.1
Madhya Pradesh,RATLAM,2013,Rabi,0.7107438016528925,25.49,119.89999999999999
Madhya Pradesh,REWA,2008,Rabi,0.3758910437656804,25.72,478.0
Madhya Pradesh,REWA,2009,Whole Year,0.37588173495422483,26.65,918.6999999999999
Madhya Pradesh,REWA,2010,Rabi,0.12288394082659752,26.56,99.5
Madhya Pradesh,REWA,2011,Rabi,0.21302372539121656,25.73,27.5
Madhya Pradesh,REWA,2012,Rabi,0.28674301809582015,25.78,39.9
Madhya Pradesh,REWA,2013,Rabi,0.4433811802232855,25.49,289.5
Madhya Pradesh,SAGAR,2008,Rabi,0.46987810791378937,25.72,227.49999999999997
Madhya Pradesh,SAGAR,2009,Whole Year,0.46987819195773406,26.65,2759.7
Madhya Pradesh,SAGAR,2010,Rabi,0.2765003084824332,26.56,638.8
Madhya Pradesh,SAGAR,2011,Rabi,0.29277351269334423,25.73,63.0
Madhya Pradesh,SAGAR,2012,Rabi,0.6735059760956176,25.78,142.29999999999998
Madhya Pradesh,SAGAR,2013,Rabi,0.5450540931035698,25.49,307.0
Madhya Pradesh,SATNA,2008,Rabi,0.4424071793067042,25.72,17.299999999999997
Madhya Pradesh,SATNA,2009,Whole Year,0.5325048858733729,26.65,892.7
Madhya Pradesh,SATNA,2010,Rabi,0.2538473346893349,26.56,30.599999999999998
Madhya Pradesh,SATNA,2011,Rabi,0.2693930812371592,25.73,4.2
Madhya Pradesh,SATNA,2012,Rabi,0.33158041958041956,25.78,39.699999999999996
Madhya Pradesh,SATNA,2013,Rabi,0.31086218052410225,25.49,201.1
Madhya Pradesh,SEHORE,2008,Rabi,0.7227979274611399,25.72,44.4
Madhya Pradesh,SEHORE,2009,Whole Year,0.903448275862069,26.65,954.3
Madhya Pradesh,SEHORE,2010,Rabi,0.4701443569553806,26.56,52.5
Madhya Pradesh,SEHORE,2011,Rabi,0.822184300341297,25.73,0.0
Madhya Pradesh,SEHORE,2012,Rabi,0.7861464004839686,25.78,0.0
Madhya Pradesh,SEHORE,2013,Rabi,0.6898091758018676,25.49,64.2
Madhya Pradesh,SEONI,2008,Rabi,0.36143169058016217,25.72,39.0
Madhya Pradesh,SEONI,2009,Whole Year,0.3614511134051025,26.65,978.1
Madhya Pradesh,SEONI,2010,Rabi,0.26747557997557997,26.56,34.2
Madhya Pradesh,SEONI,2011,Rabi,0.2674692488877257,25.73,6.6
Madhya Pradesh,SEONI,2012,Rabi,0.5799744837688419,25.78,151.20000000000002
Madhya Pradesh,SEONI,2013,Rabi,0.6506261709890543,25.49,217.70000000000002
Madhya Pradesh,SHAHDOL,2008,Rabi,0.4104938271604938,25.72,18.3
Madhya Pradesh,SHAHDOL,2009,Whole Year,0.39304347826086955,26.65,701.5999999999999
Madhya Pradesh,SHAHDOL,2010,Rabi,0.2955729166666667,26.56,0.0
Madhya Pradesh,SHAHDOL,2011,Rabi,0.29701492537313434,25.73,0.0
Madhya Pradesh,SHAHDOL,2012,Rabi,0.7280898876404495,25.78,116.0
Madhya Pradesh,SHAHDOL,2013,Rabi,0.9626514131897712,25.49,250.2
Madhya Pradesh,SHAJAPUR,2008,Rabi,0.3008152937868991,25.72,20.1
Madhya Pradesh,SHAJAPUR,2009,Whole Year,0.4447864563293574,26.65,785.9000000000001
Madhya Pradesh,SHAJAPUR,2010,Rabi,0.21390374331550802,26.56,70.9
Madhya Pradesh,SHAJAPUR,2011,Rabi,0.2674995569732412,25.73,0.0
Madhya Pradesh,SHAJAPUR,2012,Rabi,0.4240910352484041,25.78,0.0
Madhya Pradesh,SHAJAPUR,2013,Rabi,0.5421175782392512,25.49,89.8
Madhya Pradesh,SHEOPUR,2008,Rabi,0.38,25.72,13.1
Madhya Pradesh,SHEOPUR,2009,Whole Year,0.36619718309859156,26.65,372.0
Madhya Pradesh,SHEOPUR,2010,Rabi,0.5,26.56,33.4
Madhya Pradesh,SHEOPUR,2011,Rabi,0.2807017543859649,25.73,6.5
Madhya Pradesh,SHEOPUR,2012,Rabi,1.0227272727272727,25.78,11.5
Madhya Pradesh,SHEOPUR,2013,Rabi,1.2830188679245282,25.49,119.2
Madhya Pradesh,SHIVPURI,2008,Rabi,0.44718370142098957,25.72,17.799999999999997
Madhya Pradesh,SHIVPURI,2009,Whole Year,0.4821559970566593,26.65,753.1999999999999
Madhya Pradesh,SHIVPURI,2010,Rabi,0.3418412511065211,26.56,28.3
Madhya Pradesh,SHIVPURI,2011,Rabi,0.34716198378276447,25.73,3.6
Madhya Pradesh,SHIVPURI,2012,Rabi,0.34722531758413194,25.78,8.0
Madhya Pradesh,SHIVPURI,2013,Rabi,0.37301894085813686,25.49,116.1
Madhya Pradesh,SIDHI,2008,Rabi,0.43853255587949463,25.72,23.6
Madhya Pradesh,SIDHI,2009,Whole Year,0.4471399955486312,26.65,685.0999999999999
Madhya Pradesh,SIDHI,2010,Rabi,0.2668310259814147,26.56,44.0
Madhya Pradesh,SIDHI,2011,Rabi,0.3852275045908998,25.73,5.6
Madhya Pradesh,SIDHI,2012,Rabi,0.42986070237394547,25.78,85.19999999999999
Madhya Pradesh,SIDHI,2013,Rabi,0.7338087895142636,25.49,185.29999999999998
Madhya Pradesh,SINGRAULI,2010,Rabi,0.3445566778900112,26.56,1.0
Madhya Pradesh,SINGRAULI,2011,Rabi,0.40737305819615116,25.73,8.3
Madhya Pradesh,SINGRAULI,2012,Rabi,1.4547600314712825,25.78,67.6
Madhya Pradesh,SINGRAULI,2013,Rabi,0.7618781442146451,25.49,211.5
Madhya Pradesh,TIKAMGARH,2008,Rabi,0.4913588614029143,25.72,15.5
Madhya Pradesh,TIKAMGARH,2009,Whole Year,0.48201289249324186,26.65,778.0999999999999
Madhya Pradesh,TIKAMGARH,2010,Rabi,0.20252945252945254,26.56,60.5
Madhya Pradesh,TIKAMGARH,2011,Rabi,0.32885632885632887,25.73,2.7
Madhya Pradesh,TIKAMGARH,2012,Rabi,0.3441509433962264,25.78,29.5
Madhya Pradesh,TIKAMGARH,2013,Rabi,0.1589573217480194,25.49,206.3
Madhya Pradesh,UJJAIN,2008,Rabi,0.3901345291479821,25.72,43.0
Madhya Pradesh,UJJAIN,2009,Whole Year,0.4064748201438849,26.65,817.9000000000001
Madhya Pradesh,UJJAIN,2010,Rabi,0.33060109289617484,26.56,74.1
Madhya Pradesh,UJJAIN,2011,Rabi,0.3494809688581315,25.73,2.1
Madhya Pradesh,UJJAIN,2012,Rabi,0.3793103448275862,25.78,0.0
Madhya Pradesh,UJJAIN,2013,Rabi,0.5407608695652174,25.49,107.30000000000001
Madhya Pradesh,UMARIA,2008,Rabi,0.47716814159292037,25.72,46.7
Madhya Pradesh,UMARIA,2009,Whole Year,0.5169014084507042,26.65,905.2
Madhya Pradesh,UMARIA,2010,Rabi,0.15903690796768571,26.56,77.9
Madhya Pradesh,UMARIA,2011,Rabi,0.31807891332470895,25.73,6.1
Madhya Pradesh,UMARIA,2012,Rabi,0.5168757731047888,25.78,112.9
Madhya Pradesh,UMARIA,2013,Rabi,0.7155946148092744,25.49,176.20000000000002
Madhya Pradesh,VIDISHA,2008,Rabi,0.5860193318387298,25.72,31.3
Madhya Pradesh,VIDISHA,2009,Whole Year,0.6409622556221042,26.65,908.2999999999998
Madhya Pradesh,VIDISHA,2010,Rabi,0.4409558844497676,26.56,58.3
Madhya Pradesh,VIDISHA,2011,Rabi,0.44095392260201777,25.73,0.0
Madhya Pradesh,VIDISHA,2012,Rabi,0.6746923915065508,25.78,0.0
Madhya Pradesh,VIDISHA,2013,Rabi,0.5301111283632411,25.49,81.19999999999999
Meghalaya,EAST GARO HILLS,2009,Rabi,0.5,22.8,294.4
Meghalaya,EAST GARO HILLS,2010,Rabi,0.5294117647058824,22.65,279.0
Meghalaya,EAST GARO HILLS,2011,Rabi,0.5555555555555556,22.04,250.5
Meghalaya,EAST GARO HILLS,2013,Rabi,1.411764705882353,21.52,175.2
Meghalaya,EAST GARO HILLS,2014,Rabi,1.4705882352941178,21.77,118.3
Meghalaya,EAST KHASI HILLS,2009,Rabi,0.5,22.8,391.79999999999995
Meghalaya,EAST KHASI HILLS,2010,Rabi,0.6,22.65,933.9000000000001
Meghalaya,EAST KHASI HILLS,2011,Rabi,0.6666666666666666,22.04,988.3000000000001
Meghalaya,EAST KHASI HILLS,2013,Rabi,2.0,21.52,344.3
Meghalaya,EAST KHASI HILLS,2014,Rabi,2.04,21.77,126.5
Meghalaya,SOUTH GARO HILLS,2011,Rabi,1.0833333333333333,22.04,0.0
Meghalaya,SOUTH GARO HILLS,2013,Rabi,1.4375,21.52,139.0
Meghalaya,SOUTH GARO HILLS,2014,Rabi,1.5,21.77,29.0
Meghalaya,WEST GARO HILLS,2010,Rabi,0.8360655737704918,22.65,148.60000000000002
Meghalaya,WEST GARO HILLS,2011,Rabi,0.840625,22.04,82.1
Meghalaya,WEST GARO HILLS,2013,Rabi,0.9557661927330173,21.52,83.39999999999999
Meghalaya,WEST GARO HILLS,2014,Rabi,0.9748031496062992,21.77,72.0
Nagaland,DIMAPUR,2010,Rabi,0.75,19.92,87.8
Nagaland,DIMAPUR,2011,Rabi,0.7555555555555555,19.48,22.0
Nagaland,DIMAPUR,2012,Rabi,0.8260869565217391,19.05,163.9
Nagaland,KOHIMA,2008,Rabi,0.7142857142857143,19.35,249.3
Nagaland,KOHIMA,2009,Rabi,0.7058823529411765,20.08,165.1
Nagaland,KOHIMA,2010,Rabi,0.7777777777777778,19.92,172.20000000000002
Nagaland,KOHIMA,2011,Rabi,0.7777777777777778,19.48,84.50000000000001
Nagaland,KOHIMA,2012,Rabi,0.8333333333333334,19.05,182.39999999999998
Nagaland,MOKOKCHUNG,2012,Rabi,0.8260869565217391,19.05,112.0
Nagaland,MON,2008,Rabi,0.8,19.35,323.8
Nagaland,MON,2009,Rabi,0.7,20.08,137.79999999999998
Nagaland,MON,2010,Rabi,0.7619047619047619,19.92,16.6
Nagaland,MON,2011,Rabi,0.7619047619047619,19.48,33.2
Nagaland,MON,2012,Rabi,0.8095238095238095,19.05,763.8000000000001
Nagaland,PHEK,2008,Rabi,0.6666666666666666,19.35,231.6
Nagaland,PHEK,2009,Rabi,0.6875,20.08,128.4
Nagaland,PHEK,2010,Rabi,0.75,19.92,199.4
Nagaland,PHEK,2011,Rabi,0.75,19.48,122.6
Nagaland,PHEK,2012,Rabi,0.8125,19.05,123.80000000000001
Nagaland,TUENSANG,2008,Rabi,0.7142857142857143,19.35,135.9
Nagaland,TUENSANG,2009,Rabi,0.7142857142857143,20.08,91.4
Nagaland,TUENSANG,2011,Rabi,0.7727272727272727,19.48,0.0
Nagaland,TUENSANG,2012,Rabi,0.8095238095238095,19.05,0.0
Punjab,AMRITSAR,2008,Rabi,1.0,24.57,58.8
Punjab,AMRITSAR,2012,Rabi,1.0,24.53,94.1
Punjab,GURDASPUR,2008,Rabi,0.5,24.57,62.50000000000001
Punjab,GURDASPUR,2009,Rabi,0.6666666666666666,25.1,80.30000000000001
Punjab,GURDASPUR,2010,Rabi,0.465,25.24,112.2
Punjab,GURDASPUR,2011,Rabi,0.7333333333333333,24.76,129.8
Punjab,GURDASPUR,2012,Rabi,1.0,24.53,199.00000000000003
Punjab,GURDASPUR,2013,Rabi,0.7,24.78,293.99999999999994
Punjab,GURDASPUR,2014,Rabi,0.6,24.42,261.0
Punjab,HOSHIARPUR,2008,Rabi,0.3333333333333333,24.57,44.599999999999994
Punjab,HOSHIARPUR,2009,Rabi,0.3333333333333333,25.1,66.3
Punjab,HOSHIARPUR,2010,Rabi,0.6166666666666667,25.24,76.6
Punjab,HOSHIARPUR,2011,Rabi,0.6,24.76,85.3
Punjab,HOSHIARPUR,2012,Rabi,0.5,24.53,106.2
Punjab,HOSHIARPUR,2013,Rabi,0.75,24.78,127.30000000000001
Punjab,HOSHIARPUR,2014,Rabi,0.5,24.42,130.9
Punjab,MANSA,2012,Rabi,1.0,24.53,6.1
Punjab,PATIALA,2010,Rabi,0.67,25.24,48.7
Punjab,SANGRUR,2009,Rabi,1.0,25.1,6.1
Punjab,TARN TARAN,2010,Rabi,0.67,25.24,10.0
Punjab,TARN TARAN,2012,Rabi,1.0,24.53,60.1
Punjab,TARN TARAN,2013,Rabi,0.4,24.78,95.80000000000001
Rajasthan,AJMER,2008,Rabi,0.8571428571428571,25.95,19.5
Rajasthan,AJMER,2009,Rabi,1.0,26.81,6.800000000000001
Rajasthan,AJMER,2010,Rabi,0.88,26.8,113.09999999999998
Rajasthan,ALWAR,2008,Rabi,0.8688524590163934,25.95,0.0
Rajasthan,ALWAR,2009,Rabi,0.9,26.81,17.5
Rajasthan,ALWAR,2010,Rabi,0.87,26.8,62.099999999999994
Rajasthan,BANSWARA,2008,Rabi,0.8,25.95,3.8
Rajasthan,BANSWARA,2009,Rabi,0.9090909090909091,26.81,20.400000000000002
Rajasthan,BANSWARA,2010,Rabi,1.0,26.8,17.1
Odisha,BARAN,2008,Rabi,0.875,26.17,106.4
Odisha,BARAN,2009,Rabi,0.9032258064516129,26.92,159.1
Odisha,BARAN,2010,Rabi,0.875,26.76,423.8
Rajasthan,BHARATPUR,2008,Rabi,1.2578870139398386,25.95,0.0
Rajasthan,BHARATPUR,2009,Rabi,0.861984282907662,26.81,37.199999999999996
Rajasthan,BHARATPUR,2010,Rabi,1.301241194230124,26.8,45.9
Rajasthan,BHILWARA,2008,Rabi,0.7970813064628214,25.95,0.1
Rajasthan,BHILWARA,2009,Rabi,0.6109818520241973,26.81,16.1
Rajasthan,BHILWARA,2010,Rabi,0.9252502421698418,26.8,140.1
Rajasthan,BIKANER,2008,Rabi,1.0,25.95,8.1
Rajasthan,BIKANER,2009,Rabi,1.0,26.81,26.3
Rajasthan,BUNDI,2008,Rabi,0.767395294510262,25.95,5.8
Rajasthan,BUNDI,2009,Rabi,0.9685499359795134,26.81,20.2
Rajasthan,BUNDI,2010,Rabi,0.8747754683089556,26.8,79.0
Rajasthan,CHITTORGARH,2008,Rabi,1.0986132511556241,25.95,9.399999999999999
Rajasthan,CHITTORGARH,2009,Rabi,0.6901408450704225,26.81,16.8
Rajasthan,CHITTORGARH,2010,Rabi,0.8493377483443708,26.8,81.2
Rajasthan,DHOLPUR,2008,Rabi,0.8888888888888888,25.95,0.6
Rajasthan,DHOLPUR,2009,Rabi,0.8985507246376812,26.81,70.1
Rajasthan,DHOLPUR,2010,Rabi,0.8707865168539326,26.8,73.8
Rajasthan,DUNGARPUR,2008,Rabi,0.6666666666666666,25.95,0.0
Rajasthan,GANGANAGAR,2008,Rabi,0.8571428571428571,25.95,3.1999999999999997
Rajasthan,GANGANAGAR,2009,Rabi,0.9090909090909091,26.81,15.799999999999999
Rajasthan,GANGANAGAR,2010,Rabi,0.8333333333333334,26.8,9.1
Rajasthan,HANUMANGARH,2009,Rabi,1.0,26.81,6.0
Rajasthan,JAIPUR,2010,Rabi,0.8571428571428571,26.8,82.0
Rajasthan,JALORE,2009,Rabi,1.0,26.81,16.0
Rajasthan,JALORE,2010,Rabi,1.0,26.8,117.9
Rajasthan,JHALAWAR,2008,Rabi,0.8010829296095754,25.95,13.0
Rajasthan,JHALAWAR,2009,Rabi,1.0547645125958378,26.81,77.3
Rajasthan,JHALAWAR,2010,Rabi,0.6536086863955717,26.8,42.39999999999999
Rajasthan,JHUNJHUNU,2010,Rabi,1.0,26.8,32.6
Rajasthan,KARAULI,2008,Rabi,1.0,25.95,0.0
Rajasthan,KARAULI,2009,Rabi,0.75,26.81,95.3
Rajasthan,KARAULI,2010,Rabi,0.9230769230769231,26.8,94.69999999999999
Rajasthan,KOTA,2008,Rabi,0.8666666666666667,25.95,14.8
Rajasthan,KOTA,2009,Rabi,0.8888888888888888,26.81,75.8
Rajasthan,KOTA,2010,Rabi,0.875,26.8,54.199999999999996
Rajasthan,PALI,2010,Rabi,0.8333333333333334,26.8,43.4
Rajasthan,PRATAPGARH,2008,Rabi,0.8354198473282443,25.95,223.0
Rajasthan,PRATAPGARH,2009,Rabi,0.848714069591528,26.81,101.8
Rajasthan,PRATAPGARH,2010,Rabi,0.7341377158310797,26.8,91.69999999999999
Rajasthan,PRATAPGARH,2011,Rabi,0.824,26.13,12.5
Rajasthan,PRATAPGARH,2012,Rabi,0.859375,25.87,35.099999999999994
Rajasthan,PRATAPGARH,2013,Rabi,0.5454545454545454,25.99,282.8
Rajasthan,PRATAPGARH,2014,Rabi,0.13333333333333333,25.95,345.59999999999997
Rajasthan,SAWAI MADHOPUR,2008,Rabi,0.8823529411764706,25.95,8.2
Rajasthan,SAWAI MADHOPUR,2009,Rabi,0.8974358974358975,26.81,103.9
Rajasthan,SAWAI MADHOPUR,2010,Rabi,0.8724489795918368,26.8,116.2
Rajasthan,SIKAR,2010,Rabi,0.8333333333333334,26.8,42.2
Rajasthan,TONK,2008,Rabi,0.8641975308641975,25.95,0.0
Rajasthan,TONK,2009,Rabi,0.8939179632248939,26.81,8.0
Rajasthan,TONK,2010,Rabi,0.8724428399518652,26.8,95.60000000000001
Tripura,DHALAI,2010,Rabi,0.5833333333333334,25.46,274.6
Tripura,DHALAI,2011,Rabi,0.7428571428571429,24.98,33.3
Tripura,DHALAI,2012,Rabi,0.5934065934065934,24.4,271.9
Tripura,DHALAI,2013,Rabi,0.7223340040241448,24.3,123.8
Tripura,DHALAI,2014,Rabi,0.7175,24.68,94.8
Tripura,NORTH TRIPURA,2008,Rabi,0.59375,24.87,420.7
Tripura,NORTH TRIPURA,2009,Rabi,0.6288659793814433,25.6,195.1
Tripura,NORTH TRIPURA,2010,Rabi,0.6990291262135923,25.46,383.4
Tripura,NORTH TRIPURA,2011,Rabi,0.808641975308642,24.98,133.29999999999998
Tripura,NORTH TRIPURA,2012,Rabi,0.6585365853658537,24.4,293.9
Tripura,NORTH TRIPURA,2013,Rabi,0.6706443914081146,24.3,177.3
Tripura,NORTH TRIPURA,2014,Rabi,0.7559322033898305,24.68,88.6
Tripura,SOUTH TRIPURA,2008,Rabi,0.7950310559006211,24.87,358.1
Tripura,SOUTH TRIPURA,2009,Rabi,0.6580645161290323,25.6,283.6
Tripura,SOUTH TRIPURA,2010,Rabi,0.7045454545454546,25.46,422.3
Tripura,SOUTH TRIPURA,2011,Rabi,0.7875,24.98,114.70000000000002
Tripura,SOUTH TRIPURA,2012,Rabi,0.8130841121495327,24.4,202.49999999999997
Tripura,SOUTH TRIPURA,2013,Rabi,0.7,24.3,161.4
Tripura,SOUTH TRIPURA,2014,Rabi,0.8071570576540755,24.68,85.39999999999999
Tripura,WEST TRIPURA,2008,Rabi,0.7096774193548387,24.87,316.20000000000005
Tripura,WEST TRIPURA,2009,Rabi,0.8421052631578947,25.6,157.9
Tripura,WEST TRIPURA,2010,Rabi,0.5869565217391305,25.46,424.90000000000003
Tripura,WEST TRIPURA,2011,Rabi,0.7647058823529411,24.98,122.5
Tripura,WEST TRIPURA,2012,Rabi,0.8571428571428571,24.4,215.60000000000002
Tripura,WEST TRIPURA,2013,Rabi,0.7514450867052023,24.3,196.8
Tripura,WEST TRIPURA,2014,Rabi,0.7910447761194029,24.68,102.7
Uttar Pradesh,AGRA,2008,Rabi,0.8810198300283286,25.81,0.3
Uttar Pradesh,AGRA,2009,Rabi,0.8034557235421166,26.59,79.39999999999999
Uttar Pradesh,AGRA,2010,Rabi,0.8808664259927798,26.63,40.9
Uttar Pradesh,AGRA,2011,Rabi,1.9283088235294117,25.85,17.2
Uttar Pradesh,AGRA,2012,Rabi,1.968503937007874,25.85,25.1
Uttar Pradesh,AGRA,2013,Rabi,0.9601226993865031,25.62,128.5
Uttar Pradesh,AGRA,2014,Rabi,0.9364791288566243,25.65,97.30000000000001
Uttar Pradesh,ALIGARH,2008,Rabi,0.883206106870229,25.81,0.0
Uttar Pradesh,ALIGARH,2009,Rabi,0.8031988873435327,26.59,198.7
Uttar Pradesh,ALIGARH,2010,Rabi,0.880859375,26.63,24.5
Uttar Pradesh,ALIGARH,2011,Rabi,1.926333615580017,25.85,30.099999999999998
Uttar Pradesh,ALIGARH,2012,Rabi,1.4101307189542485,25.85,29.5
Uttar Pradesh,ALIGARH,2013,Rabi,2.4039247751430906,25.62,100.9
Uttar Pradesh,ALIGARH,2014,Rabi,0.6328626444159179,25.65,113.80000000000001
Uttar Pradesh,ALLAHABAD,2008,Rabi,0.7969644190097039,25.81,32.6
Uttar Pradesh,ALLAHABAD,2009,Rabi,0.7570057284409352,26.59,70.4
Uttar Pradesh,ALLAHABAD,2010,Rabi,0.2740478994895956,26.63,73.6
Uttar Pradesh,ALLAHABAD,2011,Rabi,0.8450486295313882,25.85,5.4
Uttar Pradesh,ALLAHABAD,2012,Rabi,0.8309939033035588,25.85,47.2
Uttar Pradesh,ALLAHABAD,2013,Rabi,0.5019845414664716,25.62,292.20000000000005
Uttar Pradesh,ALLAHABAD,2014,Rabi,0.40198398252639245,25.65,282.3
Uttar Pradesh,AMBEDKAR NAGAR,2008,Rabi,0.8714285714285714,25.81,883.5
Uttar Pradesh,AMBEDKAR NAGAR,2009,Rabi,0.7967359050445104,26.59,163.9
Uttar Pradesh,AMBEDKAR NAGAR,2010,Rabi,0.6537102473498233,26.63,33.4
Uttar Pradesh,AMBEDKAR NAGAR,2011,Rabi,0.7142857142857143,25.85,14.5
Uttar Pradesh,AMBEDKAR NAGAR,2012,Rabi,0.7050691244239631,25.85,33.6
Uttar Pradesh,AMBEDKAR NAGAR,2013,Rabi,0.43137254901960786,25.62,180.79999999999998
Uttar Pradesh,AMBEDKAR NAGAR,2014,Rabi,0.4850498338870432,25.65,195.8
Uttar Pradesh,AURAIYA,2008,Rabi,0.8865979381443299,25.81,698.8000000000001
Uttar Pradesh,AURAIYA,2009,Rabi,0.8082191780821918,26.59,116.1
Uttar Pradesh,AURAIYA,2010,Rabi,1.1333333333333333,26.63,31.7
Uttar Pradesh,AURAIYA,2011,Rabi,0.8571428571428571,25.85,2.5
Uttar Pradesh,AURAIYA,2012,Rabi,1.2058823529411764,25.85,7.9
Uttar Pradesh,AURAIYA,2013,Rabi,0.6875,25.62,52.8
Uttar Pradesh,AURAIYA,2014,Rabi,0.5454545454545454,25.65,43.0
Uttar Pradesh,AZAMGARH,2008,Rabi,1.1782178217821782,25.81,864.2
Uttar Pradesh,AZAMGARH,2009,Rabi,1.0546875,26.59,260.1
Uttar Pradesh,AZAMGARH,2010,Rabi,1.09765625,26.63,35.3
Uttar Pradesh,AZAMGARH,2011,Rabi,1.3114754098360655,25.85,9.299999999999999
Uttar Pradesh,AZAMGARH,2012,Rabi,1.3265306122448979,25.85,18.0
Uttar Pradesh,AZAMGARH,2013,Rabi,1.162162162162162,25.62,200.6
Uttar Pradesh,AZAMGARH,2014,Rabi,0.927536231884058,25.65,177.0
Uttar Pradesh,BAGHPAT,2008,Rabi,0.8842105263157894,25.81,6.2
Uttar Pradesh,BAGHPAT,2009,Rabi,0.8,26.59,61.8
Uttar Pradesh,BAGHPAT,2010,Rabi,0.7023809523809523,26.63,24.6
Uttar Pradesh,BAGHPAT,2011,Rabi,0.8785046728971962,25.85,31.1
Uttar Pradesh,BAGHPAT,2012,Rabi,0.8947368421052632,25.85,32.7
Uttar Pradesh,BAGHPAT,2013,Rabi,0.6981132075471698,25.62,193.7
Uttar Pradesh,BAGHPAT,2014,Rabi,0.5306122448979592,25.65,124.20000000000002
Uttar Pradesh,BAHRAICH,2008,Rabi,0.9269931542917325,25.81,45.5
Uttar Pradesh,BAHRAICH,2009,Rabi,0.8180061463959769,26.59,4.8
Uttar Pradesh,BAHRAICH,2010,Rabi,0.8919899222449068,26.63,22.5
Uttar Pradesh,BAHRAICH,2011,Rabi,0.9049994970324917,25.85,23.000000000000004
Uttar Pradesh,BAHRAICH,2012,Rabi,0.9349897565391395,25.85,75.80000000000001
Uttar Pradesh,BAHRAICH,2013,Rabi,0.9290103984110293,25.62,132.0
Uttar Pradesh,BAHRAICH,2014,Rabi,0.6930024068717292,25.65,124.8
Uttar Pradesh,BALLIA,2008,Rabi,1.1799752648276605,25.81,1127.3000000000002
Uttar Pradesh,BALLIA,2009,Rabi,1.0550010617965597,26.59,110.0
Uttar Pradesh,BALLIA,2010,Rabi,1.097991967871486,26.63,23.700000000000003
Uttar Pradesh,BALLIA,2011,Rabi,1.3089923762285294,25.85,11.399999999999999
Uttar Pradesh,BALLIA,2012,Rabi,1.3330062687380757,25.85,29.6
Uttar Pradesh,BALLIA,2013,Rabi,1.162015326546952,25.62,192.4
Uttar Pradesh,BALLIA,2014,Rabi,0.9240185196930297,25.65,118.2
Gujarat,BANDA,2008,Rabi,0.7390003096081736,26.98,18.6
Gujarat,BANDA,2009,Rabi,0.47599443513812784,27.96,55.7
Gujarat,BANDA,2010,Rabi,0.39499089005520355,27.79,181.1
Gujarat,BANDA,2011,Rabi,0.8779884583676835,27.23,10.100000000000001
Gujarat,BANDA,2012,Rabi,0.8280037346093249,27.0,44.3
Gujarat,BANDA,2013,Rabi,0.19100385012677246,27.0,278.4
Gujarat,BANDA,2014,Rabi,0.12898830835524858,27.28,252.00000000000003
Uttar Pradesh,BARABANKI,2008,Rabi,0.8319995674272737,25.81,13.5
Uttar Pradesh,BARABANKI,2009,Rabi,0.7589824879227053,26.59,537.7
Uttar Pradesh,BARABANKI,2010,Rabi,0.8289622855415313,26.63,38.3
Uttar Pradesh,BARABANKI,2011,Rabi,0.7789950203712087,25.85,15.700000000000001
Uttar Pradesh,BARABANKI,2012,Rabi,0.7440058125454105,25.85,108.4
Uttar Pradesh,BARABANKI,2013,Rabi,0.6430024034017379,25.62,139.8
Uttar Pradesh,BARABANKI,2014,Rabi,0.48597368152606346,25.65,171.20000000000002
Uttar Pradesh,BAREILLY,2008,Rabi,0.8209255533199196,25.81,13.0
Uttar Pradesh,BAREILLY,2009,Rabi,0.8689756276342313,26.59,115.9
Uttar Pradesh,BAREILLY,2010,Rabi,1.0229779411764706,26.63,34.699999999999996
Uttar Pradesh,BAREILLY,2011,Rabi,1.2260397830018084,25.85,37.900000000000006
Uttar Pradesh,BAREILLY,2012,Rabi,0.9458794587945879,25.85,34.7
Uttar Pradesh,BAREILLY,2013,Rabi,1.1868556701030928,25.62,144.8
Uttar Pradesh,BAREILLY,2014,Rabi,0.45910138248847926,25.65,142.9
Uttar Pradesh,BASTI,2008,Rabi,0.8829160530191458,25.81,24.0
Uttar Pradesh,BASTI,2009,Rabi,0.8032305433186491,26.59,519.3
Uttar Pradesh,BASTI,2010,Rabi,0.7008547008547008,26.63,63.2
Uttar Pradesh,BASTI,2011,Rabi,0.8810992708917554,25.85,30.0
Uttar Pradesh,BASTI,2012,Rabi,0.8901154039136979,25.85,77.69999999999999
Uttar Pradesh,BASTI,2013,Rabi,0.6907514450867052,25.62,157.8
Uttar Pradesh,BASTI,2014,Rabi,0.5370581527936146,25.65,198.6
Uttar Pradesh,BIJNOR,2008,Rabi,0.781068524970964,25.81,44.900000000000006
Uttar Pradesh,BIJNOR,2009,Rabi,0.8029772329246935,26.59,42.1
Uttar Pradesh,BIJNOR,2010,Rabi,0.700942587832048,26.63,54.5
Uttar Pradesh,BIJNOR,2011,Rabi,1.2166462668298654,25.85,23.099999999999998
Uttar Pradesh,BIJNOR,2012,Rabi,0.9012567324955116,25.85,41.5
Uttar Pradesh,BIJNOR,2013,Rabi,1.5779927448609432,25.62,224.8
Uttar Pradesh,BIJNOR,2014,Rabi,0.4844789356984479,25.65,204.2
Uttar Pradesh,BULANDSHAHR,2008,Rabi,0.8826714801444043,25.81,326.1
Uttar Pradesh,BULANDSHAHR,2009,Rabi,0.8033509700176367,26.59,273.1
Uttar Pradesh,BULANDSHAHR,2010,Rabi,0.7012195121951219,26.63,24.6
Uttar Pradesh,BULANDSHAHR,2011,Rabi,0.8809963099630996,25.85,20.4
Uttar Pradesh,BULANDSHAHR,2012,Rabi,0.8903150525087514,25.85,11.0
Uttar Pradesh,BULANDSHAHR,2013,Rabi,0.6914498141263941,25.62,132.4
Uttar Pradesh,BULANDSHAHR,2014,Rabi,0.5369349503858876,25.65,117.8
Uttar Pradesh,CHANDAULI,2010,Rabi,0.6440016866961839,26.63,7.2
Uttar Pradesh,CHANDAULI,2011,Rabi,0.992958435207824,25.85,6.4
Uttar Pradesh,CHANDAULI,2012,Rabi,0.5599910544559991,25.85,26.2
Uttar Pradesh,CHANDAULI,2013,Rabi,0.6540310246886607,25.62,135.6
Uttar Pradesh,CHANDAULI,2014,Rabi,0.48599707569452255,25.65,181.4
Uttar Pradesh,DEORIA,2008,Rabi,0.6967854039965248,25.81,1026.0
Uttar Pradesh,DEORIA,2009,Rabi,0.7522388059701492,26.59,289.0
Uttar Pradesh,DEORIA,2010,Rabi,0.7744874715261959,26.63,87.6
Uttar Pradesh,DEORIA,2011,Rabi,0.6513157894736842,25.85,13.4
Uttar Pradesh,DEORIA,2012,Rabi,0.7558528428093646,25.85,39.7
Uttar Pradesh,DEORIA,2013,Rabi,0.7322147651006712,25.62,250.8
Uttar Pradesh,DEORIA,2014,Rabi,0.42342342342342343,25.65,163.6
Uttar Pradesh,ETAH,2008,Rabi,0.8829581993569132,25.81,13.399999999999999
Uttar Pradesh,ETAH,2009,Rabi,0.8027972027972028,26.59,40.4
Uttar Pradesh,ETAH,2010,Rabi,0.8808080808080808,26.63,23.4
Uttar Pradesh,ETAH,2011,Rabi,1.9270833333333333,25.85,17.4
Uttar Pradesh,ETAH,2012,Rabi,1.4098265895953757,25.85,37.0
Uttar Pradesh,ETAH,2013,Rabi,2.4038808664259927,25.62,111.30000000000001
Uttar Pradesh,ETAH,2014,Rabi,0.6330155979202773,25.65,80.6
Uttar Pradesh,ETAWAH,2008,Rabi,1.0,25.81,0.0
Uttar Pradesh,ETAWAH,2009,Rabi,0.8,26.59,20.1
Uttar Pradesh,ETAWAH,2010,Rabi,1.0,26.63,40.099999999999994
Uttar Pradesh,ETAWAH,2011,Rabi,0.8648648648648649,25.85,5.8
Uttar Pradesh,ETAWAH,2013,Rabi,0.6875,25.62,57.5
Uttar Pradesh,ETAWAH,2014,Rabi,0.3333333333333333,25.65,61.099999999999994
Uttar Pradesh,FAIZABAD,2008,Rabi,0.8338833883388339,25.81,851.8
Uttar Pradesh,FAIZABAD,2009,Rabi,0.8040216086434574,26.59,21.2
Uttar Pradesh,FAIZABAD,2010,Rabi,0.8039314516129032,26.63,84.0
Uttar Pradesh,FAIZABAD,2011,Rabi,0.7135815991237678,25.85,15.0
Uttar Pradesh,FAIZABAD,2012,Rabi,0.7030114226375909,25.85,60.0
Uttar Pradesh,FAIZABAD,2013,Rabi,0.431197218082464,25.62,81.5
Uttar Pradesh,FAIZABAD,2014,Rabi,0.48584662892434377,25.65,162.00000000000003
Uttar Pradesh,FARRUKHABAD,2008,Rabi,0.8824721377912867,25.81,125.7
Uttar Pradesh,FARRUKHABAD,2009,Rabi,0.8028455284552846,26.59,61.7
Uttar Pradesh,FARRUKHABAD,2010,Rabi,1.1274817136886102,26.63,38.4
Uttar Pradesh,FARRUKHABAD,2011,Rabi,0.856,25.85,17.9
Uttar Pradesh,FARRUKHABAD,2012,Rabi,1.220381110190555,25.85,32.9
Uttar Pradesh,FARRUKHABAD,2013,Rabi,0.691497975708502,25.62,99.0
Uttar Pradesh,FARRUKHABAD,2014,Rabi,0.5369836695485111,25.65,108.6
Uttar Pradesh,FATEHPUR,2008,Rabi,0.7967557251908397,25.81,1064.0
Uttar Pradesh,FATEHPUR,2009,Rabi,0.757015742642026,26.59,207.1
Uttar Pradesh,FATEHPUR,2010,Rabi,0.6176470588235294,26.63,41.4
Uttar Pradesh,FATEHPUR,2011,Rabi,0.7291159772911597,25.85,4.800000000000001
Uttar Pradesh,FATEHPUR,2012,Rabi,0.8662733529990168,25.85,53.2
Uttar Pradesh,FATEHPUR,2013,Rabi,0.5324384787472036,25.62,166.0
Uttar Pradesh,FATEHPUR,2014,Rabi,0.15985130111524162,25.65,158.70000000000002
Uttar Pradesh,FIROZABAD,2008,Rabi,0.8846153846153846,25.81,703.0
Uttar Pradesh,FIROZABAD,2009,Rabi,0.8070175438596491,26.59,280.9
Uttar Pradesh,FIROZABAD,2010,Rabi,0.8775510204081632,26.63,22.4
Uttar Pradesh,FIROZABAD,2011,Rabi,1.935483870967742,25.85,17.2
Uttar Pradesh,FIROZABAD,2012,Rabi,1.9772727272727273,25.85,36.9
Uttar Pradesh,FIROZABAD,2013,Rabi,0.9629629629629629,25.62,130.8
Uttar Pradesh,FIROZABAD,2014,Rabi,0.9354838709677419,25.65,144.6
Uttar Pradesh,GHAZIABAD,2008,Rabi,0.8821292775665399,25.81,198.9
Uttar Pradesh,GHAZIABAD,2009,Rabi,0.8015873015873016,26.59,162.6
Uttar Pradesh,GHAZIABAD,2010,Rabi,0.6995708154506438,26.63,13.5
Uttar Pradesh,GHAZIABAD,2011,Rabi,0.8812260536398467,25.85,14.4
Uttar Pradesh,GHAZIABAD,2012,Rabi,0.8780487804878049,25.85,15.6
Uttar Pradesh,GHAZIABAD,2013,Rabi,0.6666666666666666,25.62,131.4
Uttar Pradesh,GHAZIABAD,2014,Rabi,0.5294117647058824,25.65,86.7
Uttar Pradesh,GHAZIPUR,2008,Rabi,1.2640422467594816,25.81,194.7
Uttar Pradesh,GHAZIPUR,2009,Rabi,1.0240121005861222,26.59,28.6
Uttar Pradesh,GHAZIPUR,2010,Rabi,0.903038138332256,26.63,30.0
Uttar Pradesh,GHAZIPUR,2011,Rabi,1.1109563602599815,25.85,2.4
Uttar Pradesh,GHAZIPUR,2012,Rabi,1.0960124954061008,25.85,44.099999999999994
Uttar Pradesh,GHAZIPUR,2013,Rabi,0.6730038022813688,25.62,275.7
Uttar Pradesh,GHAZIPUR,2014,Rabi,0.8860384805130735,25.65,207.0
Uttar Pradesh,GORAKHPUR,2008,Rabi,0.6973903387007219,25.81,30.8
Uttar Pradesh,GORAKHPUR,2009,Rabi,0.7509549274255156,26.59,83.0
Uttar Pradesh,GORAKHPUR,2010,Rabi,0.7739872068230277,26.63,32.4
Uttar Pradesh,GORAKHPUR,2011,Rabi,0.6530139103554868,25.85,26.900000000000002
Uttar Pradesh,GORAKHPUR,2012,Rabi,0.7572892040977147,25.85,43.099999999999994
Uttar Pradesh,GORAKHPUR,2013,Rabi,0.7328,25.62,223.70000000000002
Uttar Pradesh,GORAKHPUR,2014,Rabi,0.42311033883579496,25.65,194.1
Uttar Pradesh,HAPUR,2012,Rabi,0.8904761904761904,25.85,968.6999999999999
Uttar Pradesh,HAPUR,2013,Rabi,0.6893939393939394,25.62,1136.7999999999997
Uttar Pradesh,HAPUR,2014,Rabi,0.5370370370370371,25.65,1421.1000000000001
Uttar Pradesh,HARDOI,2008,Rabi,0.9530208674751448,25.81,42.1
Uttar Pradesh,HARDOI,2009,Rabi,1.0400354121581743,26.59,68.8
Uttar Pradesh,HARDOI,2010,Rabi,0.890974543584469,26.63,18.6
Uttar Pradesh,HARDOI,2011,Rabi,0.9369909502262443,25.85,19.299999999999997
Uttar Pradesh,HARDOI,2012,Rabi,0.9720398735716023,25.85,32.8
Uttar Pradesh,HARDOI,2013,Rabi,0.8040556755459564,25.62,82.70000000000002
Uttar Pradesh,HARDOI,2014,Rabi,0.6500426257459505,25.65,131.0
Uttar Pradesh,JALAUN,2008,Rabi,1.1630081971722506,25.81,0.0
Uttar Pradesh,JALAUN,2009,Rabi,0.8939955651029035,26.59,5.2
Uttar Pradesh,JALAUN,2010,Rabi,0.8079938508839354,26.63,56.6
Uttar Pradesh,JALAUN,2011,Rabi,1.1869979296066253,25.85,8.8
Uttar Pradesh,JALAUN,2012,Rabi,1.2239893405908033,25.85,18.0
Uttar Pradesh,JALAUN,2013,Rabi,0.7599865018770827,25.62,246.10000000000002
Uttar Pradesh,JALAUN,2014,Rabi,0.4609875926388542,25.65,143.4
Uttar Pradesh,JAUNPUR,2008,Rabi,0.9935064935064936,25.81,1002.0999999999999
Uttar Pradesh,JAUNPUR,2009,Rabi,0.9435483870967742,26.59,331.1
Uttar Pradesh,JAUNPUR,2010,Rabi,0.7733333333333333,26.63,28.0
Uttar Pradesh,JAUNPUR,2011,Rabi,1.0478692352597783,25.85,0.0
Uttar Pradesh,JAUNPUR,2012,Rabi,0.8421052631578947,25.85,24.5
Uttar Pradesh,JAUNPUR,2013,Rabi,0.7310344827586207,25.62,196.4
Uttar Pradesh,JAUNPUR,2014,Rabi,0.5743243243243243,25.65,151.4
Uttar Pradesh,JHANSI,2008,Rabi,1.121988114532685,25.81,24.3
Uttar Pradesh,JHANSI,2009,Rabi,0.8830015978537471,26.59,26.1
Uttar Pradesh,JHANSI,2010,Rabi,0.6800013800479566,26.63,59.10000000000001
Uttar Pradesh,JHANSI,2011,Rabi,0.8390016991170163,25.85,5.9
Uttar Pradesh,JHANSI,2012,Rabi,0.791001633781576,25.85,49.3
Uttar Pradesh,JHANSI,2013,Rabi,0.25702834914834677,25.62,268.4
Uttar Pradesh,JHANSI,2014,Rabi,0.2950173812282735,25.65,159.2
Uttar Pradesh,KANNAUJ,2010,Rabi,1.13013698630137,26.63,22.7
Uttar Pradesh,KANNAUJ,2011,Rabi,0.8582089552238806,25.85,37.8
Uttar Pradesh,KANNAUJ,2012,Rabi,1.2204301075268817,25.85,51.6
Uttar Pradesh,KANNAUJ,2013,Rabi,0.6918918918918919,25.62,155.6
Uttar Pradesh,KANNAUJ,2014,Rabi,0.5390625,25.65,203.5
Uttar Pradesh,KANPUR DEHAT,2008,Rabi,0.8820754716981132,25.81,314.0
Uttar Pradesh,KANPUR DEHAT,2009,Rabi,0.801948051948052,26.59,23.2
Uttar Pradesh,KANPUR DEHAT,2010,Rabi,1.126338329764454,26.63,55.2
Uttar Pradesh,KANPUR DEHAT,2011,Rabi,0.8555304740406321,25.85,0.0
Uttar Pradesh,KANPUR DEHAT,2012,Rabi,1.2192691029900333,25.85,58.0
Uttar Pradesh,KANPUR DEHAT,2013,Rabi,0.6905537459283387,25.62,167.2
Uttar Pradesh,KANPUR DEHAT,2014,Rabi,0.5368852459016393,25.65,104.3
Uttar Pradesh,KAUSHAMBI,2010,Rabi,0.28823529411764703,26.63,19.8
Uttar Pradesh,KAUSHAMBI,2011,Rabi,0.8288288288288288,25.85,1.0
Uttar Pradesh,KAUSHAMBI,2012,Rabi,0.8660714285714286,25.85,4.3
Uttar Pradesh,KAUSHAMBI,2013,Rabi,0.5327868852459017,25.62,148.5
Uttar Pradesh,KAUSHAMBI,2014,Rabi,0.16117216117216118,25.65,163.9
Uttar Pradesh,KHERI,2008,Rabi,0.8570197177028337,25.81,667.4000000000001
Uttar Pradesh,KHERI,2009,Rabi,0.7819806472521876,26.59,14.8
Uttar Pradesh,KHERI,2010,Rabi,0.9549923282377678,26.63,29.8
Uttar Pradesh,KHERI,2011,Rabi,0.8329775880469584,25.85,39.5
Uttar Pradesh,KHERI,2012,Rabi,0.8070187678783227,25.85,37.1
Uttar Pradesh,KHERI,2013,Rabi,0.8150008971828459,25.62,166.8
Uttar Pradesh,KHERI,2014,Rabi,0.7229998526594961,25.65,172.10000000000002
Uttar Pradesh,KUSHI NAGAR,2008,Rabi,0.6969221105527639,25.81,364.3
Uttar Pradesh,KUSHI NAGAR,2009,Rabi,0.7508953442101074,26.59,103.0
Uttar Pradesh,KUSHI NAGAR,2010,Rabi,0.774039608685278,26.63,66.8
Uttar Pradesh,KUSHI NAGAR,2011,Rabi,0.6530612244897959,25.85,24.0
Uttar Pradesh,KUSHI NAGAR,2012,Rabi,0.7570839064649243,25.85,23.4
Uttar Pradesh,KUSHI NAGAR,2013,Rabi,0.7322920450417726,25.62,125.0
Uttar Pradesh,KUSHI NAGAR,2014,Rabi,0.42290158219361756,25.65,86.6
Uttar Pradesh,LALITPUR,2008,Rabi,0.8590012589173311,25.81,0.0
Uttar Pradesh,LALITPUR,2009,Rabi,1.0509835548231004,26.59,72.0
Uttar Pradesh,LALITPUR,2010,Rabi,0.7939939467788216,26.63,90.0
Uttar Pradesh,LALITPUR,2011,Rabi,1.023005282179594,25.85,2.0
Uttar Pradesh,LALITPUR,2012,Rabi,1.2480082772891878,25.85,0.0
Uttar Pradesh,LALITPUR,2013,Rabi,0.5569800569800569,25.62,197.8
Uttar Pradesh,LALITPUR,2014,Rabi,0.7050249328730341,25.65,172.8
Uttar Pradesh,LUCKNOW,2008,Rabi,0.830762987012987,25.81,7.0
Uttar Pradesh,LUCKNOW,2009,Rabi,0.8186915887850468,26.59,130.5
Uttar Pradesh,LUCKNOW,2010,Rabi,0.8665824915824916,26.63,38.3
Uttar Pradesh,LUCKNOW,2011,Rabi,0.8345715700842001,25.85,19.7
Uttar Pradesh,LUCKNOW,2012,Rabi,0.8245804006497022,25.85,54.300000000000004
Uttar Pradesh,LUCKNOW,2013,Rabi,0.7033603707995365,25.62,107.2
Uttar Pradesh,LUCKNOW,2014,Rabi,0.5593495934959349,25.65,152.3
Uttar Pradesh,MAHARAJGANJ,2008,Rabi,0.6969726658175762,25.81,533.8000000000001
Uttar Pradesh,MAHARAJGANJ,2009,Rabi,0.7510398098633393,26.59,71.2
Uttar Pradesh,MAHARAJGANJ,2010,Rabi,0.773922514392407,26.63,26.4
Uttar Pradesh,MAHARAJGANJ,2011,Rabi,0.6530324400564175,25.85,19.9
Uttar Pradesh,MAHARAJGANJ,2012,Rabi,0.7569992113564669,25.85,33.1
Uttar Pradesh,MAHARAJGANJ,2013,Rabi,0.606973058637084,25.62,112.5
Uttar Pradesh,MAHARAJGANJ,2014,Rabi,0.42301363422661026,25.65,191.0
Uttar Pradesh,MAHOBA,2010,Rabi,0.3529885468861847,26.63,27.0
Uttar Pradesh,MAHOBA,2011,Rabi,0.7050097027882749,25.85,7.0
Uttar Pradesh,MAHOBA,2012,Rabi,0.6180078420087054,25.85,28.8
Uttar Pradesh,MAHOBA,2013,Rabi,0.3479843550323355,25.62,131.0
Uttar Pradesh,MAHOBA,2014,Rabi,0.16101386586894126,25.65,121.0
Uttar Pradesh,MAINPURI,2008,Rabi,0.8870967741935484,25.81,729.2
Uttar Pradesh,MAINPURI,2009,Rabi,0.8024691358024691,26.59,13.4
Uttar Pradesh,MAINPURI,2010,Rabi,0.8857142857142857,26.63,28.4
Uttar Pradesh,MAINPURI,2011,Rabi,1.925233644859813,25.85,7.5
Uttar Pradesh,MAINPURI,2012,Rabi,1.9636363636363636,25.85,13.1
Uttar Pradesh,MAINPURI,2013,Rabi,0.9576271186440678,25.62,129.8
Uttar Pradesh,MAINPURI,2014,Rabi,0.9402985074626866,25.65,81.39999999999999
Uttar Pradesh,MATHURA,2008,Rabi,0.8717948717948718,25.81,49.8
Uttar Pradesh,MATHURA,2009,Rabi,0.8043478260869565,26.59,50.0
Uttar Pradesh,MATHURA,2010,Rabi,0.875,26.63,36.0
Uttar Pradesh,MATHURA,2011,Rabi,1.9193548387096775,25.85,17.0
Uttar Pradesh,MATHURA,2012,Rabi,1.9411764705882353,25.85,0.5
Uttar Pradesh,MATHURA,2013,Rabi,0.9571428571428572,25.62,90.3
Uttar Pradesh,MATHURA,2014,Rabi,0.9393939393939394,25.65,48.5
Jharkhand,MAU,2008,Rabi,1.1812778603268945,25.29,906.4
Jharkhand,MAU,2009,Rabi,1.0557377049180328,26.02,428.9
Jharkhand,MAU,2010,Rabi,1.0987012987012987,25.99,192.10000000000002
Jharkhand,MAU,2011,Rabi,1.309090909090909,25.23,107.30000000000001
Jharkhand,MAU,2012,Rabi,1.3333333333333333,25.06,272.2
Jharkhand,MAU,2013,Rabi,1.1602787456445993,24.79,808.0999999999999
Jharkhand,MAU,2014,Rabi,0.9215686274509803,24.87,682.5
Uttar Pradesh,MEERUT,2008,Rabi,0.8830275229357798,25.81,7.4
Uttar Pradesh,MEERUT,2009,Rabi,0.803088803088803,26.59,5.6
Uttar Pradesh,MEERUT,2010,Rabi,0.7003968253968254,26.63,38.5
Uttar Pradesh,MEERUT,2011,Rabi,0.8812392426850258,25.85,18.5
Uttar Pradesh,MEERUT,2012,Rabi,0.8905852417302799,25.85,46.3
Uttar Pradesh,MEERUT,2013,Rabi,0.6909871244635193,25.62,204.8
Uttar Pradesh,MEERUT,2014,Rabi,0.5379939209726444,25.65,153.29999999999998
Uttar Pradesh,MIRZAPUR,2008,Rabi,0.7489865412680395,25.81,1099.1
Uttar Pradesh,MIRZAPUR,2009,Rabi,0.8019401778496362,26.59,215.70000000000002
Uttar Pradesh,MIRZAPUR,2010,Rabi,0.582995951417004,26.63,26.8
Uttar Pradesh,MIRZAPUR,2011,Rabi,0.9709495351925631,25.85,7.1000000000000005
Uttar Pradesh,MIRZAPUR,2012,Rabi,0.8270922856558216,25.85,14.8
Uttar Pradesh,MIRZAPUR,2013,Rabi,0.6799900386004234,25.62,219.7
Uttar Pradesh,MIRZAPUR,2014,Rabi,0.704002079002079,25.65,148.1
Uttar Pradesh,MORADABAD,2008,Rabi,0.7811320754716982,25.81,13.4
Uttar Pradesh,MORADABAD,2009,Rabi,0.8035874439461883,26.59,122.89999999999999
Uttar Pradesh,MORADABAD,2010,Rabi,0.7011494252873564,26.63,23.9
Uttar Pradesh,MORADABAD,2011,Rabi,1.2171664943123062,25.85,31.3
Uttar Pradesh,MORADABAD,2012,Rabi,0.9026717557251909,25.85,27.599999999999998
Uttar Pradesh,MORADABAD,2013,Rabi,1.5788561525129983,25.62,131.10000000000002
Uttar Pradesh,MORADABAD,2014,Rabi,0.48533333333333334,25.65,207.90000000000003
Uttar Pradesh,MUZAFFARNAGAR,2008,Rabi,0.3641509433962264,25.81,234.9
Uttar Pradesh,MUZAFFARNAGAR,2009,Rabi,0.7780040733197556,26.59,42.4
Uttar Pradesh,MUZAFFARNAGAR,2010,Rabi,0.5066162570888468,26.63,12.4
Uttar Pradesh,MUZAFFARNAGAR,2011,Rabi,0.4629080118694362,25.85,20.299999999999997
Uttar Pradesh,MUZAFFARNAGAR,2012,Rabi,0.9595141700404858,25.85,41.7
Uttar Pradesh,MUZAFFARNAGAR,2013,Rabi,0.797752808988764,25.62,284.90000000000003
Uttar Pradesh,MUZAFFARNAGAR,2014,Rabi,0.7955390334572491,25.65,148.60000000000002
Uttar Pradesh,PILIBHIT,2008,Rabi,0.910086004691165,25.81,7.8999999999999995
Uttar Pradesh,PILIBHIT,2009,Rabi,0.8443026964337489,26.59,442.2
Uttar Pradesh,PILIBHIT,2010,Rabi,0.8501322362621216,26.63,28.3
Uttar Pradesh,PILIBHIT,2011,Rabi,0.9699534490055015,25.85,2.7
Uttar Pradesh,PILIBHIT,2012,Rabi,1.008604206500956,25.85,18.0
Uttar Pradesh,PILIBHIT,2013,Rabi,0.9700176366843033,25.62,119.0
Uttar Pradesh,PILIBHIT,2014,Rabi,0.9031126698816309,25.65,81.0
Uttar Pradesh,RAMPUR,2008,Rabi,0.7807262569832403,25.81,1359.5
Uttar Pradesh,RAMPUR,2009,Rabi,0.8027265437048917,26.59,854.8
Uttar Pradesh,RAMPUR,2010,Rabi,0.7009113504556752,26.63,32.4
Uttar Pradesh,RAMPUR,2011,Rabi,1.2169811320754718,25.85,46.10000000000001
Uttar Pradesh,RAMPUR,2012,Rabi,0.9020501138952164,25.85,92.60000000000001
Uttar Pradesh,RAMPUR,2013,Rabi,1.5781796966161026,25.62,222.7
Uttar Pradesh,RAMPUR,2014,Rabi,0.4846743295019157,25.65,311.1
Uttar Pradesh,SAHARANPUR,2008,Rabi,0.3640500568828214,25.81,510.40000000000003
Uttar Pradesh,SAHARANPUR,2009,Rabi,0.7778282598818719,26.59,336.1
Uttar Pradesh,SAHARANPUR,2010,Rabi,0.5070542967079948,26.63,29.3
Uttar Pradesh,SAHARANPUR,2011,Rabi,0.4630977130977131,25.85,46.0
Uttar Pradesh,SAHARANPUR,2012,Rabi,0.9578351164254248,25.85,24.1
Uttar Pradesh,SAHARANPUR,2013,Rabi,0.7978772496538994,25.62,353.20000000000005
Uttar Pradesh,SAHARANPUR,2014,Rabi,0.7951015531660693,25.65,204.2
Uttar Pradesh,SANT RAVIDAS NAGAR,2009,Rabi,1.0,26.59,462.5
Uttar Pradesh,SANT RAVIDAS NAGAR,2010,Rabi,0.6,26.63,60.5
Uttar Pradesh,SANT RAVIDAS NAGAR,2011,Rabi,0.75,25.85,0.0
Uttar Pradesh,SANT RAVIDAS NAGAR,2013,Rabi,0.6,25.62,239.0
Uttar Pradesh,SHAHJAHANPUR,2008,Rabi,0.8540143219793127,25.81,4.9
Uttar Pradesh,SHAHJAHANPUR,2009,Rabi,0.8379932061667102,26.59,147.49999999999997
Uttar Pradesh,SHAHJAHANPUR,2010,Rabi,0.7470173415532,26.63,19.5
Uttar Pradesh,SHAHJAHANPUR,2011,Rabi,0.8359892569382273,25.85,14.899999999999999
Uttar Pradesh,SHAHJAHANPUR,2012,Rabi,0.9689889269707356,25.85,36.8
Uttar Pradesh,SHAHJAHANPUR,2013,Rabi,0.8469927826784283,25.62,155.5
Uttar Pradesh,SHAHJAHANPUR,2014,Rabi,0.9419897115561271,25.65,109.7
Uttar Pradesh,SHRAVASTI,2008,Rabi,0.6859992611747322,25.81,724.8
Uttar Pradesh,SHRAVASTI,2009,Rabi,0.7709846064478653,26.59,748.9
Uttar Pradesh,SHRAVASTI,2010,Rabi,0.7149937445866615,26.63,1.9
Uttar Pradesh,SHRAVASTI,2011,Rabi,0.6579959611501106,25.85,5.4
Uttar Pradesh,SHRAVASTI,2012,Rabi,0.7359714753331774,25.85,37.0
Uttar Pradesh,SHRAVASTI,2014,Rabi,0.5650074485025941,25.65,69.8
Uttar Pradesh,SIDDHARTH NAGAR,2008,Rabi,0.8828828828828829,25.81,1382.8999999999999
Uttar Pradesh,SIDDHARTH NAGAR,2009,Rabi,0.8030130756111427,26.59,747.4
Uttar Pradesh,SIDDHARTH NAGAR,2010,Rabi,0.7010939510939511,26.63,18.5
Uttar Pradesh,SIDDHARTH NAGAR,2011,Rabi,0.8810167658193618,25.85,14.0
Uttar Pradesh,SIDDHARTH NAGAR,2012,Rabi,0.8901279107904231,25.85,99.0
Uttar Pradesh,SIDDHARTH NAGAR,2013,Rabi,0.6910789632308619,25.62,79.6
Uttar Pradesh,SIDDHARTH NAGAR,2014,Rabi,0.5368078175895765,25.65,142.9
Uttar Pradesh,SITAPUR,2008,Rabi,0.7599875572145937,25.81,263.0
Uttar Pradesh,SITAPUR,2009,Rabi,0.7609928459256674,26.59,4.3
Uttar Pradesh,SITAPUR,2010,Rabi,0.8099933741279183,26.63,11.299999999999999
Uttar Pradesh,SITAPUR,2011,Rabi,0.7949871465295629,25.85,29.5
Uttar Pradesh,SITAPUR,2012,Rabi,0.7780140005185378,25.85,90.1
Uttar Pradesh,SITAPUR,2013,Rabi,0.5969928112824453,25.62,85.10000000000001
Uttar Pradesh,SITAPUR,2014,Rabi,0.5489831184367938,25.65,194.60000000000002
Uttar Pradesh,SONBHADRA,2008,Rabi,0.6569918212647118,25.81,178.5
Uttar Pradesh,SONBHADRA,2009,Rabi,0.8240476485916367,26.59,65.7
Uttar Pradesh,SONBHADRA,2010,Rabi,0.5340264650283554,26.63,24.6
Uttar Pradesh,SONBHADRA,2011,Rabi,0.8289660056657224,25.85,24.7
Uttar Pradesh,SONBHADRA,2012,Rabi,0.8440008449514153,25.85,68.3
Uttar Pradesh,SONBHADRA,2013,Rabi,0.7119942787086228,25.62,171.7
Uttar Pradesh,SONBHADRA,2014,Rabi,0.5830186520196818,25.65,131.6
Uttar Pradesh,SULTANPUR,2008,Rabi,0.9680335808847271,25.81,5.6
Uttar Pradesh,SULTANPUR,2009,Rabi,0.9240415621640989,26.59,122.60000000000001
Uttar Pradesh,SULTANPUR,2010,Rabi,0.8709990300678953,26.63,68.6
Uttar Pradesh,SULTANPUR,2011,Rabi,1.0639187574671445,25.85,17.0
Uttar Pradesh,SULTANPUR,2012,Rabi,0.6479856402074192,25.85,54.9
Uttar Pradesh,SULTANPUR,2013,Rabi,0.36203224825068453,25.62,108.0
Uttar Pradesh,SULTANPUR,2014,Rabi,0.48598317981577893,25.65,174.49999999999997
Uttar Pradesh,UNNAO,2008,Rabi,0.8304392236976507,25.81,808.9000000000001
Uttar Pradesh,UNNAO,2009,Rabi,0.8182665424044734,26.59,293.0
Uttar Pradesh,UNNAO,2010,Rabi,0.86608442503639,26.63,38.4
Uttar Pradesh,UNNAO,2011,Rabi,0.8350383631713555,25.85,15.100000000000001
Uttar Pradesh,UNNAO,2012,Rabi,0.8251445086705202,25.85,60.599999999999994
Uttar Pradesh,UNNAO,2013,Rabi,0.703971119133574,25.62,237.00000000000003
Uttar Pradesh,UNNAO,2014,Rabi,0.559748427672956,25.65,180.5
Uttar Pradesh,VARANASI,2008,Rabi,0.9951923076923077,25.81,23.700000000000003
Uttar Pradesh,VARANASI,2009,Rabi,0.937799043062201,26.59,25.1
Uttar Pradesh,VARANASI,2010,Rabi,0.7783251231527094,26.63,58.3
Uttar Pradesh,VARANASI,2011,Rabi,1.0461538461538462,25.85,9.5
Uttar Pradesh,VARANASI,2012,Rabi,0.835820895522388,25.85,50.9
Uttar Pradesh,VARANASI,2013,Rabi,0.7336956521739131,25.62,245.09999999999997
Uttar Pradesh,VARANASI,2014,Rabi,0.5730337078651685,25.65,214.3
Uttarakhand,ALMORA,2008,Rabi,0.27014218009478674,14.16,508.9
Uttarakhand,ALMORA,2009,Rabi,0.5565312843029637,14.75,53.9
Uttarakhand,ALMORA,2010,Rabi,0.4251101321585903,14.87,107.0
Uttarakhand,ALMORA,2011,Rabi,0.9789473684210527,14.29,112.0
Uttarakhand,ALMORA,2012,Rabi,0.24466750313676286,14.2,99.9
Uttarakhand,ALMORA,2013,Rabi,0.8546255506607929,14.13,277.6
Uttarakhand,ALMORA,2014,Rabi,0.7459634015069968,14.02,298.6
Uttarakhand,BAGESHWAR,2010,Rabi,0.6887937187723054,14.87,54.0
Uttarakhand,BAGESHWAR,2011,Rabi,0.7863604732080723,14.29,116.60000000000001
Uttarakhand,BAGESHWAR,2012,Rabi,0.6325350949628407,14.2,120.29999999999998
Uttarakhand,BAGESHWAR,2013,Rabi,0.655884995507637,14.13,305.20000000000005
Uttarakhand,BAGESHWAR,2014,Rabi,0.6296975252062328,14.02,280.2
Uttarakhand,CHAMOLI,2008,Rabi,0.30952380952380953,14.16,522.5999999999999
Uttarakhand,CHAMOLI,2009,Rabi,0.5882352941176471,14.75,388.9
Uttarakhand,CHAMOLI,2010,Rabi,0.6060606060606061,14.87,66.7
Uttarakhand,CHAMOLI,2011,Rabi,0.6125,14.29,121.5
Uttarakhand,CHAMOLI,2012,Rabi,0.8076923076923077,14.2,147.9
Uttarakhand,CHAMOLI,2013,Rabi,0.8529411764705882,14.13,308.0
Uttarakhand,CHAMOLI,2014,Rabi,0.8484848484848485,14.02,293.9
Uttarakhand,CHAMPAWAT,2008,Rabi,0.27485380116959063,14.16,1317.3
Uttarakhand,CHAMPAWAT,2009,Rabi,0.7006688963210702,14.75,1457.9
Uttarakhand,CHAMPAWAT,2010,Rabi,0.7343532684283728,14.87,35.5
Uttarakhand,CHAMPAWAT,2011,Rabi,0.9690844233055886,14.29,90.5
Uttarakhand,CHAMPAWAT,2012,Rabi,1.1288837744533946,14.2,67.5
Uttarakhand,CHAMPAWAT,2013,Rabi,1.0209003215434083,14.13,240.2
Uttarakhand,CHAMPAWAT,2014,Rabi,0.7192429022082019,14.02,338.0
Uttarakhand,DEHRADUN,2008,Rabi,0.4131455399061033,14.16,80.89999999999999
Uttarakhand,DEHRADUN,2009,Rabi,0.5995370370370371,14.75,217.79999999999998
Uttarakhand,DEHRADUN,2010,Rabi,0.697560975609756,14.87,126.7
Uttarakhand,DEHRADUN,2011,Rabi,0.6569506726457399,14.29,145.6
Uttarakhand,DEHRADUN,2012,Rabi,0.7256410256410256,14.2,126.2
Uttarakhand,DEHRADUN,2013,Rabi,0.9076576576576577,14.13,360.1
Uttarakhand,DEHRADUN,2014,Rabi,0.8432835820895522,14.02,373.5
Uttarakhand,HARIDWAR,2008,Rabi,0.6955177743431221,14.16,480.0
Uttarakhand,HARIDWAR,2009,Rabi,0.5936920222634509,14.75,17.5
Uttarakhand,HARIDWAR,2010,Rabi,0.8079470198675497,14.87,75.39999999999999
Uttarakhand,HARIDWAR,2011,Rabi,0.6371308016877637,14.29,52.1
Uttarakhand,HARIDWAR,2012,Rabi,0.4828571428571429,14.2,30.2
Uttarakhand,HARIDWAR,2013,Rabi,0.6318681318681318,14.13,304.2
Uttarakhand,HARIDWAR,2014,Rabi,0.30903790087463556,14.02,242.60000000000002
Uttarakhand,NAINITAL,2008,Rabi,0.484375,14.16,31.799999999999997
Uttarakhand,NAINITAL,2009,Rabi,0.6851851851851852,14.75,239.7
Uttarakhand,NAINITAL,2010,Rabi,0.574468085106383,14.87,88.9
Uttarakhand,NAINITAL,2011,Rabi,0.7345132743362832,14.29,118.69999999999999
Uttarakhand,NAINITAL,2012,Rabi,0.7348066298342542,14.2,119.5
Uttarakhand,NAINITAL,2013,Rabi,0.7507163323782235,14.13,316.0
Uttarakhand,NAINITAL,2014,Rabi,0.6182795698924731,14.02,360.40000000000003
Uttarakhand,PAURI GARHWAL,2008,Rabi,0.4495944380069525,14.16,648.2
Uttarakhand,PAURI GARHWAL,2009,Rabi,0.661520190023753,14.75,589.9000000000001
Uttarakhand,PAURI GARHWAL,2010,Rabi,0.5291666666666667,14.87,71.8
Uttarakhand,PAURI GARHWAL,2011,Rabi,0.5962219598583235,14.29,98.6
Uttarakhand,PAURI GARHWAL,2012,Rabi,0.797052913596785,14.2,72.2
Uttarakhand,PAURI GARHWAL,2014,Rabi,0.5038910505836576,14.02,169.7
Uttarakhand,PITHORAGARH,2008,Rabi,0.3500667556742323,14.16,646.3
Uttarakhand,PITHORAGARH,2009,Rabi,0.44993694829760406,14.75,39.3
Uttarakhand,PITHORAGARH,2010,Rabi,0.825071496663489,14.87,104.30000000000001
Uttarakhand,PITHORAGARH,2011,Rabi,0.9095796676441837,14.29,175.10000000000002
Uttarakhand,PITHORAGARH,2012,Rabi,1.0257380772142317,14.2,153.0
Uttarakhand,PITHORAGARH,2013,Rabi,1.0540827147401908,14.13,310.70000000000005
Uttarakhand,PITHORAGARH,2014,Rabi,0.7729648991784914,14.02,332.6
West Bengal,BANKURA,2008,Rabi,0.7921348314606742,26.07,53.599999999999994
West Bengal,BANKURA,2009,Rabi,1.0769230769230769,26.8,101.0
West Bengal,BANKURA,2010,Rabi,1.0,26.74,186.3
West Bengal,BANKURA,2011,Rabi,1.0,26.02,73.3
West Bengal,BANKURA,2012,Rabi,1.1428571428571428,25.62,157.1
West Bengal,BANKURA,2013,Rabi,0.8558558558558559,25.47,436.79999999999995
West Bengal,BANKURA,2014,Rabi,1.0467836257309941,25.73,100.6
West Bengal,BIRBHUM,2008,Rabi,0.5016472655392049,26.07,84.69999999999999
West Bengal,BIRBHUM,2009,Rabi,0.7835870284579749,26.8,113.8
West Bengal,BIRBHUM,2010,Rabi,0.6675536970157765,26.74,149.5
West Bengal,BIRBHUM,2011,Rabi,0.63036360503188,26.02,67.4
West Bengal,BIRBHUM,2012,Rabi,0.871012243490257,25.62,192.0
West Bengal,BIRBHUM,2013,Rabi,0.9411664392905866,25.47,344.7
West Bengal,BIRBHUM,2014,Rabi,1.0270418417686826,25.73,78.5
West Bengal,DARJEELING,2008,Rabi,0.5714285714285714,26.07,236.3
West Bengal,DARJEELING,2009,Rabi,0.7272727272727273,26.8,322.5
West Bengal,DARJEELING,2010,Rabi,0.7272727272727273,26.74,161.70000000000002
West Bengal,DARJEELING,2011,Rabi,0.75,26.02,82.7
West Bengal,DARJEELING,2012,Rabi,0.8571428571428571,25.62,79.2
West Bengal,DARJEELING,2013,Rabi,0.8148148148148148,25.47,292.3
West Bengal,DARJEELING,2014,Rabi,0.6666666666666666,25.73,93.49999999999999
West Bengal,HOOGHLY,2008,Rabi,0.6030927835051546,26.07,125.2
West Bengal,HOOGHLY,2009,Rabi,0.635678391959799,26.8,103.89999999999999
West Bengal,HOOGHLY,2010,Rabi,0.5972850678733032,26.74,122.4
West Bengal,HOOGHLY,2011,Rabi,1.0,26.02,65.5
West Bengal,HOOGHLY,2012,Rabi,1.0,25.62,166.7
West Bengal,HOOGHLY,2013,Rabi,0.625,25.47,296.2
West Bengal,HOOGHLY,2014,Rabi,0.6254416961130742,25.73,97.9
West Bengal,HOWRAH,2008,Rabi,0.75,26.07,142.2
West Bengal,HOWRAH,2009,Rabi,1.0,26.8,69.8
West Bengal,HOWRAH,2010,Rabi,1.0,26.74,192.89999999999998
West Bengal,HOWRAH,2011,Rabi,0.5,26.02,63.3
West Bengal,HOWRAH,2013,Rabi,0.8461538461538461,25.47,377.90000000000003
West Bengal,HOWRAH,2014,Rabi,0.7619047619047619,25.73,99.0
West Bengal,JALPAIGURI,2008,Rabi,0.3939393939393939,26.07,199.1
West Bengal,JALPAIGURI,2009,Rabi,0.3588370313695486,26.8,360.9
West Bengal,JALPAIGURI,2010,Rabi,0.39339554917444364,26.74,125.39999999999999
West Bengal,JALPAIGURI,2011,Rabi,0.37610062893081764,26.02,107.1
West Bengal,JALPAIGURI,2012,Rabi,0.5107323232323232,25.62,170.4
West Bengal,JALPAIGURI,2013,Rabi,0.5680672268907563,25.47,231.60000000000002
West Bengal,JALPAIGURI,2014,Rabi,0.6423804226918799,25.73,81.5
West Bengal,MURSHIDABAD,2008,Rabi,0.6493787922565732,26.07,76.8
West Bengal,MURSHIDABAD,2009,Rabi,1.0690674180468696,26.8,175.29999999999998
West Bengal,MURSHIDABAD,2010,Rabi,0.9279471742085842,26.74,142.6
West Bengal,MURSHIDABAD,2011,Rabi,0.8308763308763308,26.02,84.5
West Bengal,MURSHIDABAD,2012,Rabi,0.9767366720516962,25.62,207.49999999999997
West Bengal,MURSHIDABAD,2013,Rabi,1.0334906863995916,25.47,205.5
West Bengal,MURSHIDABAD,2014,Rabi,1.1446046566599692,25.73,51.0
West Bengal,NADIA,2008,Rabi,0.7587410518842809,26.07,197.29999999999998
West Bengal,NADIA,2009,Rabi,0.9505208333333334,26.8,114.0
West Bengal,NADIA,2010,Rabi,1.0866183574879227,26.74,173.8
West Bengal,NADIA,2011,Rabi,0.5839344818806755,26.02,69.2
West Bengal,NADIA,2012,Rabi,1.0420604914933838,25.62,133.59999999999997
West Bengal,NADIA,2013,Rabi,0.9621904538707914,25.47,241.9
West Bengal,NADIA,2014,Rabi,0.9316345556246115,25.73,124.80000000000001
West Bengal,PURULIA,2008,Rabi,0.5333333333333333,26.07,41.5
West Bengal,PURULIA,2009,Rabi,0.6666666666666666,26.8,102.3
West Bengal,PURULIA,2010,Rabi,0.6666666666666666,26.74,167.1
West Bengal,PURULIA,2012,Rabi,0.9032258064516129,25.62,177.5
West Bengal,PURULIA,2013,Rabi,0.2857142857142857,25.47,455.8
West Bengal,PURULIA,2014,Rabi,0.6129032258064516,25.73,119.3
